title,description,servings,total_time_iso,ingredients,steps,tags
Rahmspinat mit Kartoffeln und Leberkäse,"Cremiger Rahmspinat mit Salzkartoffeln und angebratenem Leberkäse – schneller Familienklassiker. TM-Hinweis: Zwiebeln/Knoblauch 5 Sek./Stufe 5, 3 Min./120°C/Stufe 1 dünsten; Spinat/Sahne 5 Min./100°C/Rührstufe. Kartoffeln separat kochen.",4 Personen,PT35M,800 g Spinat (frisch oder TK)|800 g Kartoffeln|2 Zwiebeln|2 Knoblauchzehen|200 ml Sahne|50 g Butter oder 2 EL Öl|4 Scheiben Leberkäse (ca. 400 g)|Salz|Pfeffer|Muskatnuss,"Kartoffeln schälen (im TM: je nach Schritt 10 Sek./Stufe 3 mischen oder 5–10 Min./98 °C/Linkslauf/Stufe 1 garen).|würfeln und in gesalzenem Wasser gar kochen. (im TM: Zwiebel/Knoblauch 5 Sek./Stufe 5 zerkleinern, mit Spatel nach unten schieben; 10–20 Min./98 °C/Linkslauf/Stufe 1 garen).|Zwiebeln und Knoblauch fein würfeln und in Butter/Öl glasig dünsten. (im TM: Zwiebel/Knoblauch 5 Sek./Stufe 5 zerkleinern, mit Spatel nach unten schieben; mit 1 EL Öl 3–5 Min./120 °C/Linkslauf/Stufe 1 dünsten (Messbecher entfernt); 20–40 Sek./Stufe 6–8 pürieren (mit Messbecher)).|Spinat zugeben und zusammenfallen lassen (TK auftauen). (im TM: je nach Schritt 10 Sek./Stufe 3 mischen oder 5–10 Min./98 °C/Linkslauf/Stufe 1 garen).|Sahne einrühren und mit Salz (im TM: je nach Schritt 10 Sek./Stufe 3 mischen oder 5–10 Min./98 °C/Linkslauf/Stufe 1 garen).|Pfeffer und Muskat abschmecken. (im TM: je nach Schritt 10 Sek./Stufe 3 mischen oder 5–10 Min./98 °C/Linkslauf/Stufe 1 garen).|Leberkäse in einer Pfanne beidseitig anbraten. (im TM: mit 1 EL Öl 3–5 Min./120 °C/Linkslauf/Stufe 1 dünsten (Messbecher entfernt); Für Röstaromen Pfanne/Backofen; alternativ TM6 Anbratfunktion nutzen (5 Min.)).|Kartoffeln abgießen und mit Rahmspinat und Leberkäse servieren. (im TM: je nach Schritt 10 Sek./Stufe 3 mischen oder 5–10 Min./98 °C/Linkslauf/Stufe 1 garen).","hausmannskost,einfach,schnell"
Gnocchi mit Pilzsahnesoße,"Gnocchi in cremiger Pilzsauce – fix auf dem Tisch. TM-Hinweis: Zwiebel/Knoblauch 5 Sek./Stufe 5, 3 Min./120°C/Stufe 1 dünsten; Pilze 5 Sek./Stufe 4; dann Sahne/Brühe 5–6 Min./100°C/Stufe 1; Gnocchi unterheben.",4 Personen,PT20M,500 g Gnocchi (Kühlregal)|300 g Champignons (oder gemischte Pilze)|1 Zwiebel|2 Knoblauchzehen|200–250 ml Sahne|100 ml Gemüsebrühe|2 EL Butter oder Öl|1 Bund Petersilie|Salz|Pfeffer,"Gnocchi nach Packungsangabe garen und abtropfen lassen. (im TM: 10–20 Min./98 °C/Linkslauf/Stufe 1 garen).|Zwiebel und Knoblauch fein hacken und in Butter/Öl anschwitzen. (im TM: Zwiebel/Knoblauch 5 Sek./Stufe 5 zerkleinern, mit Spatel nach unten schieben; mit 1 EL Öl 3–5 Min./120 °C/Linkslauf/Stufe 1 dünsten (Messbecher entfernt); 20–40 Sek./Stufe 6–8 pürieren (mit Messbecher)).|Pilze in Scheiben schneiden und 4–5 Minuten mitdünsten. (im TM: Zwiebel/Knoblauch 5 Sek./Stufe 5 zerkleinern, mit Spatel nach unten schieben).|Sahne und Brühe angießen (im TM: je nach Schritt 10 Sek./Stufe 3 mischen oder 5–10 Min./98 °C/Linkslauf/Stufe 1 garen).|aufkochen (im TM: 10–20 Min./98 °C/Linkslauf/Stufe 1 garen).|würzen. (im TM: je nach Schritt 10 Sek./Stufe 3 mischen oder 5–10 Min./98 °C/Linkslauf/Stufe 1 garen).|Gnocchi in die Soße geben (im TM: je nach Schritt 10 Sek./Stufe 3 mischen oder 5–10 Min./98 °C/Linkslauf/Stufe 1 garen).|kurz ziehen lassen und mit Petersilie servieren. (im TM: je nach Schritt 10 Sek./Stufe 3 mischen oder 5–10 Min./98 °C/Linkslauf/Stufe 1 garen).","30-min,vegetarisch"
Spaghetti mit Thunfisch,"Schnelle Tomaten-Thunfisch-Soße mit Kapern zu Spaghetti. TM-Hinweis: Zwiebel/Knoblauch 5 Sek./Stufe 5, 3 Min./120°C/Stufe 1 mit Öl; Tomaten/Kapern 6–8 Min./100°C/Stufe 1; Thunfisch am Ende unterheben.",4 Personen,PT20M,400 g Spaghetti|1 Dose Thunfisch im eigenen Saft (ca. 150 g Abtropfgewicht)|1 Zwiebel|2 Knoblauchzehen|400 g stückige Tomaten (Dose)|1 EL Tomatenmark|30–50 g Kapern|2 EL Olivenöl|Salz|Pfeffer|Chiliflocken (optional)|Petersilie (zum Bestreuen),"Spaghetti in reichlich Salzwasser al dente kochen. (im TM: 10–20 Min./98 °C/Linkslauf/Stufe 1 garen).|Zwiebel und Knoblauch fein hacken und in Olivenöl anschwitzen. (im TM: Zwiebel/Knoblauch 5 Sek./Stufe 5 zerkleinern, mit Spatel nach unten schieben; mit 1 EL Öl 3–5 Min./120 °C/Linkslauf/Stufe 1 dünsten (Messbecher entfernt); 20–40 Sek./Stufe 6–8 pürieren (mit Messbecher)).|Tomatenmark kurz mitrösten (im TM: mit 1 EL Öl 3–5 Min./120 °C/Linkslauf/Stufe 1 dünsten (Messbecher entfernt)).|stückige Tomaten zugeben und 5–7 Minuten köcheln. (im TM: 10–20 Min./98 °C/Linkslauf/Stufe 1 garen).|Thunfisch abtropfen lassen (im TM: je nach Schritt 10 Sek./Stufe 3 mischen oder 5–10 Min./98 °C/Linkslauf/Stufe 1 garen).|mit Kapern unterheben und würzen. (im TM: je nach Schritt 10 Sek./Stufe 3 mischen oder 5–10 Min./98 °C/Linkslauf/Stufe 1 garen).|Spaghetti abgießen (im TM: je nach Schritt 10 Sek./Stufe 3 mischen oder 5–10 Min./98 °C/Linkslauf/Stufe 1 garen).|mit der Soße mischen und mit Petersilie servieren. (im TM: je nach Schritt 10 Sek./Stufe 3 mischen oder 5–10 Min./98 °C/Linkslauf/Stufe 1 garen).","schnell,pasta,fisch"
Spaghetti mit Pesto,"Klassische Pesto-Pasta – wahlweise mit Basilikum- oder Rucola-Pesto. TM-Hinweis: Pesto (Basilikum, Pinienkerne, Knoblauch, Parmesan, Öl) 10 Sek./Stufe 7; ggf. wiederholen.",4 Personen,PT15M,400 g Spaghetti|120 g Pesto (Glas) oder selbstgemacht|50–100 ml Nudelwasser oder 100 ml Sahne|40 g Parmesan (zum Servieren)|Salz|Pfeffer,Spaghetti in Salzwasser al dente kochen (im TM: 10–20 Min./98 °C/Linkslauf/Stufe 1 garen).|etwas Kochwasser auffangen. (im TM: je nach Schritt 10 Sek./Stufe 3 mischen oder 5–10 Min./98 °C/Linkslauf/Stufe 1 garen).|Pesto in einer Schüssel mit etwas Nudelwasser oder Sahne cremig rühren. (im TM: 20–40 Sek./Stufe 6–8 pürieren (mit Messbecher)).|Spaghetti abgießen (im TM: je nach Schritt 10 Sek./Stufe 3 mischen oder 5–10 Min./98 °C/Linkslauf/Stufe 1 garen).|mit dem Pesto mischen und mit Salz und Pfeffer abschmecken. (im TM: je nach Schritt 10 Sek./Stufe 3 mischen oder 5–10 Min./98 °C/Linkslauf/Stufe 1 garen).|Mit frisch geriebenem Parmesan servieren. (im TM: je nach Schritt 10 Sek./Stufe 3 mischen oder 5–10 Min./98 °C/Linkslauf/Stufe 1 garen).,"schnell,pasta,vegetarisch"
Spaghetti Bolognese,"Herzhafte Hackfleisch-Tomatensoße zu Spaghetti – Familienliebling. TM-Hinweis: Gemüse 5 Sek./Stufe 5, 3 Min./120°C/Stufe 1; Tomaten & Flüssigkeit 15–20 Min./100°C/Stufe 1. Hack separat anbraten (TM6 Anbraten möglich).",4 Personen,PT40M,"400 g Spaghetti|400 g Rinderhackfleisch|1 Zwiebel|2 Knoblauchzehen|1 Karotte|1 Stange Staudensellerie|400 g gehackte Tomaten (Dose)|2 EL Tomatenmark|100 ml Rotwein oder Brühe|2 EL Öl|Italienische Kräuter (z. B. Oregano, Basilikum)|Salz|Pfeffer","Zwiebel (im TM: Zwiebel/Knoblauch 5 Sek./Stufe 5 zerkleinern, mit Spatel nach unten schieben).|Knoblauch (im TM: Zwiebel/Knoblauch 5 Sek./Stufe 5 zerkleinern, mit Spatel nach unten schieben).|Karotte und Sellerie fein würfeln und in Öl anschwitzen. (im TM: Zwiebel/Knoblauch 5 Sek./Stufe 5 zerkleinern, mit Spatel nach unten schieben; mit 1 EL Öl 3–5 Min./120 °C/Linkslauf/Stufe 1 dünsten (Messbecher entfernt); 20–40 Sek./Stufe 6–8 pürieren (mit Messbecher)).|Hackfleisch zugeben und krümelig braun anbraten. (im TM: mit 1 EL Öl 3–5 Min./120 °C/Linkslauf/Stufe 1 dünsten (Messbecher entfernt); Für Röstaromen Pfanne/Backofen; alternativ TM6 Anbratfunktion nutzen (5 Min.)).|Tomatenmark kurz mitrösten (im TM: mit 1 EL Öl 3–5 Min./120 °C/Linkslauf/Stufe 1 dünsten (Messbecher entfernt)).|mit Rotwein/Brühe ablöschen (im TM: je nach Schritt 10 Sek./Stufe 3 mischen oder 5–10 Min./98 °C/Linkslauf/Stufe 1 garen).|Tomaten zugeben. (im TM: je nach Schritt 10 Sek./Stufe 3 mischen oder 5–10 Min./98 °C/Linkslauf/Stufe 1 garen).|20–30 Minuten sanft köcheln lassen (im TM: 10–20 Min./98 °C/Linkslauf/Stufe 1 garen).|mit Kräutern (im TM: je nach Schritt 10 Sek./Stufe 3 mischen oder 5–10 Min./98 °C/Linkslauf/Stufe 1 garen).|Salz und Pfeffer abschmecken. (im TM: je nach Schritt 10 Sek./Stufe 3 mischen oder 5–10 Min./98 °C/Linkslauf/Stufe 1 garen).|Spaghetti kochen und mit der Bolognese servieren. (im TM: 10–20 Min./98 °C/Linkslauf/Stufe 1 garen).","pasta,klassiker"
Spaghetti Carbonara,"Cremige Carbonara mit Speck und Käse – ohne Sahne. TM-Hinweis: Eier/Käse im Mixtopf verrühren; unter die heißen, nicht mehr kochenden Spaghetti ziehen.",4 Personen,PT20M,400 g Spaghetti|150 g Speckwürfel oder Pancetta|3 Eier (Größe M)|50 g Parmesan oder Pecorino (frisch gerieben)|1 kleine Zwiebel (optional)|Salz|Pfeffer|Muskatnuss (optional),"Spaghetti in Salzwasser al dente kochen. (im TM: 10–20 Min./98 °C/Linkslauf/Stufe 1 garen).|Speck (und Zwiebel) in einer Pfanne knusprig braten. (im TM: Zwiebel/Knoblauch 5 Sek./Stufe 5 zerkleinern, mit Spatel nach unten schieben; Für Röstaromen Pfanne/Backofen; alternativ TM6 Anbratfunktion nutzen (5 Min.)).|Eier mit Käse verquirlen und mit Pfeffer würzen. (im TM: je nach Schritt 10 Sek./Stufe 3 mischen oder 5–10 Min./98 °C/Linkslauf/Stufe 1 garen).|Spaghetti abgießen (im TM: je nach Schritt 10 Sek./Stufe 3 mischen oder 5–10 Min./98 °C/Linkslauf/Stufe 1 garen).|heiß zum Speck geben (im TM: je nach Schritt 10 Sek./Stufe 3 mischen oder 5–10 Min./98 °C/Linkslauf/Stufe 1 garen).|Pfanne vom Herd ziehen und Eiermischung zügig unterheben. (im TM: je nach Schritt 10 Sek./Stufe 3 mischen oder 5–10 Min./98 °C/Linkslauf/Stufe 1 garen).|Sofort servieren. (im TM: je nach Schritt 10 Sek./Stufe 3 mischen oder 5–10 Min./98 °C/Linkslauf/Stufe 1 garen).","pasta,schnell"
Rotes Gemüse-Curry,"Aromatisches rotes Curry mit Süßkartoffel, Zucchini, Möhren und Paprika. TM-Hinweis: Zwiebel/Knoblauch/Ingwer 5 Sek./Stufe 5, 3 Min./120°C; Curry-Paste zugeben, Gemüse + Kokosmilch 15 Min./100°C/Stufe 1.",4 Personen,PT30M,1 große Süßkartoffel (ca. 400 g)|2 Möhren|1 Zucchini|1 rote Paprika|1 Zwiebel|1 Knoblauchzehe|2 cm Stück Ingwer|2 EL rote Currypaste|1 Dose Kokosmilch (400 ml)|1 EL Öl|Salz|Pfeffer|Frische Kräuter (Koriander/Basilikum)|Basmatireis (als Beilage),"Reis nach Packungsangabe kochen. (im TM: 10–20 Min./98 °C/Linkslauf/Stufe 1 garen).|Zwiebel (im TM: Zwiebel/Knoblauch 5 Sek./Stufe 5 zerkleinern, mit Spatel nach unten schieben).|Knoblauch und Ingwer fein hacken und in Öl anschwitzen. (im TM: Zwiebel/Knoblauch 5 Sek./Stufe 5 zerkleinern, mit Spatel nach unten schieben; mit 1 EL Öl 3–5 Min./120 °C/Linkslauf/Stufe 1 dünsten (Messbecher entfernt); 20–40 Sek./Stufe 6–8 pürieren (mit Messbecher)).|Currypaste einrühren und kurz mitrösten. (im TM: mit 1 EL Öl 3–5 Min./120 °C/Linkslauf/Stufe 1 dünsten (Messbecher entfernt)).|Gemüse in mundgerechte Stücke schneiden (im TM: Zwiebel/Knoblauch 5 Sek./Stufe 5 zerkleinern, mit Spatel nach unten schieben).|zugeben und 2–3 Minuten anbraten. (im TM: mit 1 EL Öl 3–5 Min./120 °C/Linkslauf/Stufe 1 dünsten (Messbecher entfernt); Für Röstaromen Pfanne/Backofen; alternativ TM6 Anbratfunktion nutzen (5 Min.)).|Kokosmilch angießen und 15–20 Minuten köcheln (im TM: 10–20 Min./98 °C/Linkslauf/Stufe 1 garen).|bis das Gemüse weich ist (im TM: je nach Schritt 10 Sek./Stufe 3 mischen oder 5–10 Min./98 °C/Linkslauf/Stufe 1 garen).|abschmecken. (im TM: je nach Schritt 10 Sek./Stufe 3 mischen oder 5–10 Min./98 °C/Linkslauf/Stufe 1 garen).|Mit frischen Kräutern bestreut servieren. (im TM: je nach Schritt 10 Sek./Stufe 3 mischen oder 5–10 Min./98 °C/Linkslauf/Stufe 1 garen).","vegetarisch,vegan-möglich,curry,30-min"
Selbstgemachtes Sushi,"Maki und Co. zuhause rollen – mit gewürztem Sushi-Reis, Nori und Lieblingsfüllungen. TM-Hinweis: Reis im Mixtopf garen; Essigmischung im Mixtopf rühren.",4 Personen,PT50M,"300 g Sushi-Reis|400 ml Wasser|5 EL Reisessig|2 EL Zucker|1 TL Salz|Nori-Blätter|Belag nach Wahl (z. B. Avocado, Gurke, Räucherlachs oder roher Fisch in Sushi-Qualität)|Sojasoße|Wasabi|eingelegter Ingwer","Sushi-Reis gründlich waschen (im TM: je nach Schritt 10 Sek./Stufe 3 mischen oder 5–10 Min./98 °C/Linkslauf/Stufe 1 garen).|bis das Wasser klar ist. (im TM: je nach Schritt 10 Sek./Stufe 3 mischen oder 5–10 Min./98 °C/Linkslauf/Stufe 1 garen).|Mit Wasser garen und anschließend 10 Minuten quellen lassen. (im TM: 10–20 Min./98 °C/Linkslauf/Stufe 1 garen).|Reisessig mit Zucker und Salz erwärmen (im TM: je nach Schritt 10 Sek./Stufe 3 mischen oder 5–10 Min./98 °C/Linkslauf/Stufe 1 garen).|bis sich der Zucker löst (im TM: je nach Schritt 10 Sek./Stufe 3 mischen oder 5–10 Min./98 °C/Linkslauf/Stufe 1 garen).|unter den Reis heben und abkühlen lassen. (im TM: je nach Schritt 10 Sek./Stufe 3 mischen oder 5–10 Min./98 °C/Linkslauf/Stufe 1 garen).|Nori-Blätter mit Reis belegen (im TM: je nach Schritt 10 Sek./Stufe 3 mischen oder 5–10 Min./98 °C/Linkslauf/Stufe 1 garen).|Füllung auflegen und mit der Bambusmatte eng aufrollen. (im TM: je nach Schritt 10 Sek./Stufe 3 mischen oder 5–10 Min./98 °C/Linkslauf/Stufe 1 garen).|Rollen in Stücke schneiden und mit Sojasoße (im TM: Zwiebel/Knoblauch 5 Sek./Stufe 5 zerkleinern, mit Spatel nach unten schieben).|Wasabi und Ingwer servieren. (im TM: je nach Schritt 10 Sek./Stufe 3 mischen oder 5–10 Min./98 °C/Linkslauf/Stufe 1 garen).","fingerfood,familienaktion"
Käsespätzle,"Spätzle mit geschmolzenem Bergkäse und Röstzwiebeln – deftiges Wohlfühlessen. TM-Hinweis: Teig 1 Min./Stufe 4; Zwiebeln 5 Sek./Stufe 5, dann anbraten.",4 Personen,PT45M,400 g Spätzlemehl (oder Weizenmehl 405)|4 Eier|200–250 ml Wasser|1 TL Salz|200–250 g Bergkäse oder Emmentaler (gerieben)|2 Zwiebeln|2 EL Butter|Pfeffer,"Mehl (im TM: je nach Schritt 10 Sek./Stufe 3 mischen oder 5–10 Min./98 °C/Linkslauf/Stufe 1 garen).|Eier (im TM: je nach Schritt 10 Sek./Stufe 3 mischen oder 5–10 Min./98 °C/Linkslauf/Stufe 1 garen).|Wasser und Salz zu einem zähflüssigen Teig verrühren und 10 Minuten ruhen lassen. (im TM: 30 Sek./Stufe 4 mischen, dann 2 Min./Knetstufe).|Teig durch Spätzlehobel in kochendes Salzwasser drücken (im TM: 10–20 Min./98 °C/Linkslauf/Stufe 1 garen; 30 Sek./Stufe 4 mischen, dann 2 Min./Knetstufe).|wenn die Spätzle oben schwimmen (im TM: je nach Schritt 10 Sek./Stufe 3 mischen oder 5–10 Min./98 °C/Linkslauf/Stufe 1 garen).|herausnehmen. (im TM: je nach Schritt 10 Sek./Stufe 3 mischen oder 5–10 Min./98 °C/Linkslauf/Stufe 1 garen).|Zwiebeln in Ringe schneiden und in Butter goldbraun braten. (im TM: Zwiebel/Knoblauch 5 Sek./Stufe 5 zerkleinern, mit Spatel nach unten schieben; Für Röstaromen Pfanne/Backofen; alternativ TM6 Anbratfunktion nutzen (5 Min.)).|Spätzle und Käse in Pfanne oder Auflaufform schichten und schmelzen lassen. (im TM: je nach Schritt 10 Sek./Stufe 3 mischen oder 5–10 Min./98 °C/Linkslauf/Stufe 1 garen).|Mit Röstzwiebeln und Pfeffer servieren. (im TM: Zwiebel/Knoblauch 5 Sek./Stufe 5 zerkleinern, mit Spatel nach unten schieben).","vegetarisch,klassiker,hausmannskost"
Tiroler Gröstl,"Knusprige Pfanne aus Kartoffeln, Fleisch und Zwiebeln – ideal zur Resteverwertung. TM-Hinweis: Kartoffeln im Mixtopf garen; fürs Knusprige Pfanne nutzen.",4 Personen,PT40M,600 g gekochte Kartoffeln (vom Vortag)|300 g Fleischwürfel (z. B. Rind oder Schwein)|2 Zwiebeln|2 EL Öl oder Butterschmalz|1 TL Paprika edelsüß|Salz|Pfeffer|Petersilie (zum Bestreuen)|4 Eier (optional als Spiegeleier),"Kartoffeln in Scheiben schneiden. (im TM: Zwiebel/Knoblauch 5 Sek./Stufe 5 zerkleinern, mit Spatel nach unten schieben).|Zwiebeln in Ringe schneiden (im TM: Zwiebel/Knoblauch 5 Sek./Stufe 5 zerkleinern, mit Spatel nach unten schieben).|Fleisch würfeln. (im TM: Zwiebel/Knoblauch 5 Sek./Stufe 5 zerkleinern, mit Spatel nach unten schieben).|Öl/Schmalz erhitzen (im TM: je nach Schritt 10 Sek./Stufe 3 mischen oder 5–10 Min./98 °C/Linkslauf/Stufe 1 garen).|Zwiebeln und Fleisch kräftig anbraten. (im TM: Zwiebel/Knoblauch 5 Sek./Stufe 5 zerkleinern, mit Spatel nach unten schieben; mit 1 EL Öl 3–5 Min./120 °C/Linkslauf/Stufe 1 dünsten (Messbecher entfernt); Für Röstaromen Pfanne/Backofen; alternativ TM6 Anbratfunktion nutzen (5 Min.)).|Kartoffeln zugeben und knusprig braten (im TM: Für Röstaromen Pfanne/Backofen; alternativ TM6 Anbratfunktion nutzen (5 Min.)).|mit Paprika (im TM: je nach Schritt 10 Sek./Stufe 3 mischen oder 5–10 Min./98 °C/Linkslauf/Stufe 1 garen).|Salz und Pfeffer würzen. (im TM: je nach Schritt 10 Sek./Stufe 3 mischen oder 5–10 Min./98 °C/Linkslauf/Stufe 1 garen).|Mit Petersilie bestreuen (im TM: je nach Schritt 10 Sek./Stufe 3 mischen oder 5–10 Min./98 °C/Linkslauf/Stufe 1 garen).|nach Wunsch Spiegeleier dazu servieren. (im TM: je nach Schritt 10 Sek./Stufe 3 mischen oder 5–10 Min./98 °C/Linkslauf/Stufe 1 garen).","pfannengericht,restekueche,deftig"
Palatschinken,"Dünne Eierkuchen/Crêpes aus der Pfanne. TM-Hinweis: Teig 20 Sek./Stufe 5, 30 Min. ruhen lassen.",4 Personen,PT25M,250 g Mehl|3 Eier (Größe M)|500 ml Milch|1 Prise Salz|1 EL Zucker (optional)|1 EL Butter (für die Pfanne),"Mehl (im TM: je nach Schritt 10 Sek./Stufe 3 mischen oder 5–10 Min./98 °C/Linkslauf/Stufe 1 garen).|Eier (im TM: je nach Schritt 10 Sek./Stufe 3 mischen oder 5–10 Min./98 °C/Linkslauf/Stufe 1 garen).|Milch (im TM: je nach Schritt 10 Sek./Stufe 3 mischen oder 5–10 Min./98 °C/Linkslauf/Stufe 1 garen).|Salz (und Zucker) zu einem glatten Teig verrühren (im TM: 30 Sek./Stufe 4 mischen, dann 2 Min./Knetstufe).|30 Minuten ruhen lassen. (im TM: je nach Schritt 10 Sek./Stufe 3 mischen oder 5–10 Min./98 °C/Linkslauf/Stufe 1 garen).|In einer beschichteten Pfanne dünn ausbacken (im TM: Hinweis: Backofen extern nutzen; TM für Saucen/Beilagen verwenden).|zwischendurch leicht buttern. (im TM: je nach Schritt 10 Sek./Stufe 3 mischen oder 5–10 Min./98 °C/Linkslauf/Stufe 1 garen).|Nach Wunsch süß füllen (z. B. Marmelade) oder herzhaft. (im TM: je nach Schritt 10 Sek./Stufe 3 mischen oder 5–10 Min./98 °C/Linkslauf/Stufe 1 garen).","suess-herzhaft,pfannkuchen"
Kaiserschmarren,"Locker-leichter, zerrupfter Pfannkuchen mit Rosinen. TM-Hinweis: Teig 20 Sek./Stufe 4; Eischnee separat oder mit Schmetterling schlagen.",4 Personen,PT30M,"4 Eier|250 ml Milch|150 g Mehl|40 g Zucker|1 Päckchen Vanillezucker|40 g Rosinen (optional, in Rum eingeweicht)|30 g Butter|Puderzucker zum Bestäuben|Prise Salz","Eigelbe mit Milch (im TM: je nach Schritt 10 Sek./Stufe 3 mischen oder 5–10 Min./98 °C/Linkslauf/Stufe 1 garen).|Mehl (im TM: je nach Schritt 10 Sek./Stufe 3 mischen oder 5–10 Min./98 °C/Linkslauf/Stufe 1 garen).|Zucker (im TM: je nach Schritt 10 Sek./Stufe 3 mischen oder 5–10 Min./98 °C/Linkslauf/Stufe 1 garen).|Vanillezucker und Salz zu Teig rühren. (im TM: 30 Sek./Stufe 4 mischen, dann 2 Min./Knetstufe).|Eiweiße steif schlagen und unterheben (im TM: je nach Schritt 10 Sek./Stufe 3 mischen oder 5–10 Min./98 °C/Linkslauf/Stufe 1 garen).|Rosinen zugeben. (im TM: je nach Schritt 10 Sek./Stufe 3 mischen oder 5–10 Min./98 °C/Linkslauf/Stufe 1 garen).|Butter in großer Pfanne schmelzen (im TM: je nach Schritt 10 Sek./Stufe 3 mischen oder 5–10 Min./98 °C/Linkslauf/Stufe 1 garen).|Teig hineingeben (im TM: 30 Sek./Stufe 4 mischen, dann 2 Min./Knetstufe).|stocken lassen (im TM: je nach Schritt 10 Sek./Stufe 3 mischen oder 5–10 Min./98 °C/Linkslauf/Stufe 1 garen).|wenden. (im TM: je nach Schritt 10 Sek./Stufe 3 mischen oder 5–10 Min./98 °C/Linkslauf/Stufe 1 garen).|In Stücke reißen (im TM: je nach Schritt 10 Sek./Stufe 3 mischen oder 5–10 Min./98 °C/Linkslauf/Stufe 1 garen).|fertig backen (im TM: Hinweis: Backofen extern nutzen; TM für Saucen/Beilagen verwenden).|mit Puderzucker bestäuben. (im TM: je nach Schritt 10 Sek./Stufe 3 mischen oder 5–10 Min./98 °C/Linkslauf/Stufe 1 garen).","dessert,alpenkueche"
Burrito Bowl,"Reis-Bowl mit Bohnen, Mais, Avocado, Hähnchen oder vegetarisch. TM-Hinweis: Reis im Garkorb/Varoma garen, Salsa im Mixtopf zerkleinern.",4 Personen,PT35M,300 g Langkornreis|400 g Hähnchenbrust (oder Tofu)|1 Dose schwarze Bohnen (abgetropft)|1 Dose Mais (abgetropft)|1 Avocado|1 rote Paprika|1 kleine rote Zwiebel|1 Limette|2 EL Öl|1 TL Paprika edelsüß|1 TL Kreuzkümmel|Salz|Pfeffer|Koriander oder Petersilie,"Reis nach Packungsangabe garen. (im TM: 10–20 Min./98 °C/Linkslauf/Stufe 1 garen).|Hähnchen würfeln (im TM: Zwiebel/Knoblauch 5 Sek./Stufe 5 zerkleinern, mit Spatel nach unten schieben).|mit Öl (im TM: je nach Schritt 10 Sek./Stufe 3 mischen oder 5–10 Min./98 °C/Linkslauf/Stufe 1 garen).|Paprika (im TM: je nach Schritt 10 Sek./Stufe 3 mischen oder 5–10 Min./98 °C/Linkslauf/Stufe 1 garen).|Kreuzkümmel (im TM: je nach Schritt 10 Sek./Stufe 3 mischen oder 5–10 Min./98 °C/Linkslauf/Stufe 1 garen).|Salz (im TM: je nach Schritt 10 Sek./Stufe 3 mischen oder 5–10 Min./98 °C/Linkslauf/Stufe 1 garen).|Pfeffer anbraten (oder Tofu). (im TM: mit 1 EL Öl 3–5 Min./120 °C/Linkslauf/Stufe 1 dünsten (Messbecher entfernt); Für Röstaromen Pfanne/Backofen; alternativ TM6 Anbratfunktion nutzen (5 Min.)).|Paprika und Zwiebel würfeln (im TM: Zwiebel/Knoblauch 5 Sek./Stufe 5 zerkleinern, mit Spatel nach unten schieben).|Bohnen und Mais abspülen. (im TM: je nach Schritt 10 Sek./Stufe 3 mischen oder 5–10 Min./98 °C/Linkslauf/Stufe 1 garen).|Avocado würfeln (im TM: Zwiebel/Knoblauch 5 Sek./Stufe 5 zerkleinern, mit Spatel nach unten schieben).|mit Limettensaft beträufeln. (im TM: je nach Schritt 10 Sek./Stufe 3 mischen oder 5–10 Min./98 °C/Linkslauf/Stufe 1 garen).|Bowl zusammenstellen: Reis (im TM: je nach Schritt 10 Sek./Stufe 3 mischen oder 5–10 Min./98 °C/Linkslauf/Stufe 1 garen).|Bohnen (im TM: je nach Schritt 10 Sek./Stufe 3 mischen oder 5–10 Min./98 °C/Linkslauf/Stufe 1 garen).|Mais (im TM: je nach Schritt 10 Sek./Stufe 3 mischen oder 5–10 Min./98 °C/Linkslauf/Stufe 1 garen).|Hähnchen (im TM: je nach Schritt 10 Sek./Stufe 3 mischen oder 5–10 Min./98 °C/Linkslauf/Stufe 1 garen).|Gemüse (im TM: je nach Schritt 10 Sek./Stufe 3 mischen oder 5–10 Min./98 °C/Linkslauf/Stufe 1 garen).|mit Kräutern toppen. (im TM: je nach Schritt 10 Sek./Stufe 3 mischen oder 5–10 Min./98 °C/Linkslauf/Stufe 1 garen).","bowl,familiengericht"
Poké Bowl,"Reis-Bowl hawaiianischer Art mit mariniertem Lachs/Thunfisch oder vegan. TM-Hinweis: Reis im Garkorb, Marinade 5 Sek./Stufe 5 mischen.",4 Personen,PT35M,300 g Sushi-Reis|400 ml Wasser|2 EL Reisessig|1 TL Zucker|1 TL Salz|250 g Lachs in Sushi-Qualität (oder Räuchertofu)|2 EL Sojasoße|1 EL Sesamöl|1 TL Honig oder Agavendicksaft|1 Gurke|1 Möhre|1 Avocado|Sesam zum Bestreuen|Frühlingszwiebeln,"Sushi-Reis waschen (im TM: je nach Schritt 10 Sek./Stufe 3 mischen oder 5–10 Min./98 °C/Linkslauf/Stufe 1 garen).|garen (im TM: 10–20 Min./98 °C/Linkslauf/Stufe 1 garen).|mit Reisessig-Zucker-Salz mischen. (im TM: je nach Schritt 10 Sek./Stufe 3 mischen oder 5–10 Min./98 °C/Linkslauf/Stufe 1 garen).|Lachs würfeln und mit Sojasoße (im TM: Zwiebel/Knoblauch 5 Sek./Stufe 5 zerkleinern, mit Spatel nach unten schieben).|Sesamöl (im TM: je nach Schritt 10 Sek./Stufe 3 mischen oder 5–10 Min./98 °C/Linkslauf/Stufe 1 garen).|Honig marinieren (oder Tofu). (im TM: je nach Schritt 10 Sek./Stufe 3 mischen oder 5–10 Min./98 °C/Linkslauf/Stufe 1 garen).|Gemüse in Scheiben/Stifte schneiden. (im TM: Zwiebel/Knoblauch 5 Sek./Stufe 5 zerkleinern, mit Spatel nach unten schieben).|Reis in Schalen (im TM: je nach Schritt 10 Sek./Stufe 3 mischen oder 5–10 Min./98 °C/Linkslauf/Stufe 1 garen).|Toppings anrichten (im TM: je nach Schritt 10 Sek./Stufe 3 mischen oder 5–10 Min./98 °C/Linkslauf/Stufe 1 garen).|mit Sesam und Frühlingszwiebeln bestreuen. (im TM: Zwiebel/Knoblauch 5 Sek./Stufe 5 zerkleinern, mit Spatel nach unten schieben).","bowl,sushi-style"
Lasagne,Klassische Lasagne mit Bolognese und Béchamelsauce. TM-Hinweis: Bolo und Béchamel jeweils im Mixtopf kochen; Schichten im Ofen.,4 Personen,PT1H0M,12 Lasagneblätter|500 g Rinderhack|1 Zwiebel|2 Knoblauchzehen|1 Karotte|1 Dose Tomaten (400 g)|2 EL Tomatenmark|200 ml Brühe|2 EL Öl|Salz|Pfeffer|Oregano|Béchamel: 50 g Butter|50 g Mehl|500 ml Milch|Muskat|150 g geriebener Käse,"Bolognese: Zwiebel (im TM: Zwiebel/Knoblauch 5 Sek./Stufe 5 zerkleinern, mit Spatel nach unten schieben).|Knoblauch (im TM: Zwiebel/Knoblauch 5 Sek./Stufe 5 zerkleinern, mit Spatel nach unten schieben).|Karotte würfeln (im TM: Zwiebel/Knoblauch 5 Sek./Stufe 5 zerkleinern, mit Spatel nach unten schieben).|in Öl anschwitzen (im TM: mit 1 EL Öl 3–5 Min./120 °C/Linkslauf/Stufe 1 dünsten (Messbecher entfernt)).|Hack anbraten (im TM: mit 1 EL Öl 3–5 Min./120 °C/Linkslauf/Stufe 1 dünsten (Messbecher entfernt); Für Röstaromen Pfanne/Backofen; alternativ TM6 Anbratfunktion nutzen (5 Min.)).|Tomatenmark (im TM: je nach Schritt 10 Sek./Stufe 3 mischen oder 5–10 Min./98 °C/Linkslauf/Stufe 1 garen).|Tomaten (im TM: je nach Schritt 10 Sek./Stufe 3 mischen oder 5–10 Min./98 °C/Linkslauf/Stufe 1 garen).|Brühe (im TM: je nach Schritt 10 Sek./Stufe 3 mischen oder 5–10 Min./98 °C/Linkslauf/Stufe 1 garen).|Gewürze hinzufügen (im TM: je nach Schritt 10 Sek./Stufe 3 mischen oder 5–10 Min./98 °C/Linkslauf/Stufe 1 garen).|20 Min köcheln. (im TM: 10–20 Min./98 °C/Linkslauf/Stufe 1 garen).|Béchamel: Butter schmelzen (im TM: je nach Schritt 10 Sek./Stufe 3 mischen oder 5–10 Min./98 °C/Linkslauf/Stufe 1 garen).|Mehl anschwitzen (im TM: mit 1 EL Öl 3–5 Min./120 °C/Linkslauf/Stufe 1 dünsten (Messbecher entfernt)).|Milch einrühren (im TM: je nach Schritt 10 Sek./Stufe 3 mischen oder 5–10 Min./98 °C/Linkslauf/Stufe 1 garen).|mit Muskat würzen. (im TM: je nach Schritt 10 Sek./Stufe 3 mischen oder 5–10 Min./98 °C/Linkslauf/Stufe 1 garen).|In Auflaufform schichten: Bolo (im TM: je nach Schritt 10 Sek./Stufe 3 mischen oder 5–10 Min./98 °C/Linkslauf/Stufe 1 garen).|Lasagneblätter (im TM: je nach Schritt 10 Sek./Stufe 3 mischen oder 5–10 Min./98 °C/Linkslauf/Stufe 1 garen).|Béchamel (im TM: je nach Schritt 10 Sek./Stufe 3 mischen oder 5–10 Min./98 °C/Linkslauf/Stufe 1 garen).|wiederholen (im TM: je nach Schritt 10 Sek./Stufe 3 mischen oder 5–10 Min./98 °C/Linkslauf/Stufe 1 garen).|mit Käse abschließen. (im TM: je nach Schritt 10 Sek./Stufe 3 mischen oder 5–10 Min./98 °C/Linkslauf/Stufe 1 garen).|Bei 180–200°C ca. 35–40 Minuten backen. (im TM: Hinweis: Backofen extern nutzen; TM für Saucen/Beilagen verwenden).","auflauf,klassiker"
Spitzkohl-Hackfleischpfanne,"Schnelle Pfanne mit Spitzkohl und Hack. TM-Hinweis: Kohl im Mixtopf 4–5 Sek./Stufe 4 zerkleinern, Hack separat anbraten.",4 Personen,PT25M,500 g Rinderhack|1 kleiner Spitzkohl|1 Zwiebel|2 Knoblauchzehen|2 EL Öl|100 ml Brühe|1 TL Paprika edelsüß|Salz|Pfeffer|Petersilie,"Hack in Pfanne krümelig braten. (im TM: Für Röstaromen Pfanne/Backofen; alternativ TM6 Anbratfunktion nutzen (5 Min.)).|Zwiebel und Knoblauch würfeln (im TM: Zwiebel/Knoblauch 5 Sek./Stufe 5 zerkleinern, mit Spatel nach unten schieben).|zugeben (im TM: je nach Schritt 10 Sek./Stufe 3 mischen oder 5–10 Min./98 °C/Linkslauf/Stufe 1 garen).|anschwitzen. (im TM: mit 1 EL Öl 3–5 Min./120 °C/Linkslauf/Stufe 1 dünsten (Messbecher entfernt)).|Spitzkohl in Streifen (im TM: je nach Schritt 10 Sek./Stufe 3 mischen oder 5–10 Min./98 °C/Linkslauf/Stufe 1 garen).|mitbraten. (im TM: Für Röstaromen Pfanne/Backofen; alternativ TM6 Anbratfunktion nutzen (5 Min.)).|Mit Brühe ablöschen (im TM: je nach Schritt 10 Sek./Stufe 3 mischen oder 5–10 Min./98 °C/Linkslauf/Stufe 1 garen).|würzen und 10 Minuten garen. (im TM: 10–20 Min./98 °C/Linkslauf/Stufe 1 garen).|Mit Petersilie servieren. (im TM: je nach Schritt 10 Sek./Stufe 3 mischen oder 5–10 Min./98 °C/Linkslauf/Stufe 1 garen).","pfannengericht,lowcarb"
Omas Möhreneintopf,Klassischer Karotten-Kartoffel-Eintopf. TM-Hinweis: Gemüse 5 Sek./Stufe 5; dann 25 Min./100°C/Rührstufe mit Brühe garen.,4 Personen,PT40M,600 g Möhren|400 g Kartoffeln|1 Stange Lauch|1 Zwiebel|1|2 l Gemüsebrühe|2 EL Butter oder Öl|Salz|Pfeffer|Petersilie,"Gemüse putzen und würfeln. (im TM: Zwiebel/Knoblauch 5 Sek./Stufe 5 zerkleinern, mit Spatel nach unten schieben).|Zwiebel anschwitzen (im TM: Zwiebel/Knoblauch 5 Sek./Stufe 5 zerkleinern, mit Spatel nach unten schieben; mit 1 EL Öl 3–5 Min./120 °C/Linkslauf/Stufe 1 dünsten (Messbecher entfernt)).|restliches Gemüse kurz mitdünsten. (im TM: je nach Schritt 10 Sek./Stufe 3 mischen oder 5–10 Min./98 °C/Linkslauf/Stufe 1 garen).|Mit Brühe aufgießen und 20–25 Minuten köcheln lassen. (im TM: 10–20 Min./98 °C/Linkslauf/Stufe 1 garen).|Mit Salz (im TM: je nach Schritt 10 Sek./Stufe 3 mischen oder 5–10 Min./98 °C/Linkslauf/Stufe 1 garen).|Pfeffer abschmecken (im TM: je nach Schritt 10 Sek./Stufe 3 mischen oder 5–10 Min./98 °C/Linkslauf/Stufe 1 garen).|mit Petersilie bestreuen. (im TM: je nach Schritt 10 Sek./Stufe 3 mischen oder 5–10 Min./98 °C/Linkslauf/Stufe 1 garen).","eintopf,familienklassiker"
Pad Thai,"Reisnudeln mit Ei, Tofu/Huhn, Sprossen, Erdnüssen. TM-Hinweis: Sauce 5 Sek./Stufe 5 mischen; Nudeln separat.",4 Personen,PT30M,300 g Reisnudeln (breit)|300 g Hähnchenbrust oder Tofu|2 Eier|2 Frühlingszwiebeln|2 Knoblauchzehen|100 g Mungobohnensprossen|50 g Erdnüsse|geröstet|2 EL Fischsauce oder Sojasoße|2 EL Tamarindenpaste (oder Limettensaft)|1 EL Zucker|2 EL Öl|Limettenspalten|Chiliflocken|Koriander,"Reisnudeln nach Packung einweichen/kochen. (im TM: 10–20 Min./98 °C/Linkslauf/Stufe 1 garen).|Hähnchen/Tofu würfeln (im TM: Zwiebel/Knoblauch 5 Sek./Stufe 5 zerkleinern, mit Spatel nach unten schieben).|in Öl anbraten (im TM: mit 1 EL Öl 3–5 Min./120 °C/Linkslauf/Stufe 1 dünsten (Messbecher entfernt); Für Röstaromen Pfanne/Backofen; alternativ TM6 Anbratfunktion nutzen (5 Min.)).|herausnehmen. (im TM: je nach Schritt 10 Sek./Stufe 3 mischen oder 5–10 Min./98 °C/Linkslauf/Stufe 1 garen).|Knoblauch und Frühlingszwiebeln anbraten (im TM: Zwiebel/Knoblauch 5 Sek./Stufe 5 zerkleinern, mit Spatel nach unten schieben; mit 1 EL Öl 3–5 Min./120 °C/Linkslauf/Stufe 1 dünsten (Messbecher entfernt); Für Röstaromen Pfanne/Backofen; alternativ TM6 Anbratfunktion nutzen (5 Min.)).|Eier stocken lassen. (im TM: je nach Schritt 10 Sek./Stufe 3 mischen oder 5–10 Min./98 °C/Linkslauf/Stufe 1 garen).|Nudeln (im TM: je nach Schritt 10 Sek./Stufe 3 mischen oder 5–10 Min./98 °C/Linkslauf/Stufe 1 garen).|Sauce (Fischsauce/Soja, Tamarinde/Limette, Zucker) (im TM: je nach Schritt 10 Sek./Stufe 3 mischen oder 5–10 Min./98 °C/Linkslauf/Stufe 1 garen).|Sprossen und Fleisch/Tofu zugeben (im TM: je nach Schritt 10 Sek./Stufe 3 mischen oder 5–10 Min./98 °C/Linkslauf/Stufe 1 garen).|kurz braten. (im TM: Für Röstaromen Pfanne/Backofen; alternativ TM6 Anbratfunktion nutzen (5 Min.)).|Mit Erdnüssen (im TM: je nach Schritt 10 Sek./Stufe 3 mischen oder 5–10 Min./98 °C/Linkslauf/Stufe 1 garen).|Koriander (im TM: je nach Schritt 10 Sek./Stufe 3 mischen oder 5–10 Min./98 °C/Linkslauf/Stufe 1 garen).|Limette servieren. (im TM: je nach Schritt 10 Sek./Stufe 3 mischen oder 5–10 Min./98 °C/Linkslauf/Stufe 1 garen).","asia,pfannengericht"
Kartoffelgulasch,"Deftiger Eintopf mit Kartoffeln, Paprika und Würstchen optional. TM-Hinweis: Zwiebeln/Paprika 5 Sek./Stufe 5, 25–30 Min./100°C garen.",4 Personen,PT45M,800 g Kartoffeln|2 Zwiebeln|1 rote Paprika|1 gelbe Paprika|2 EL Tomatenmark|1 TL Paprika edelsüß|1 l Gemüsebrühe|2 EL Öl|Salz|Pfeffer|4 Wiener Würstchen (optional),"Zwiebeln würfeln und in Öl anschwitzen. (im TM: Zwiebel/Knoblauch 5 Sek./Stufe 5 zerkleinern, mit Spatel nach unten schieben; mit 1 EL Öl 3–5 Min./120 °C/Linkslauf/Stufe 1 dünsten (Messbecher entfernt)).|Paprika in Stücke (im TM: je nach Schritt 10 Sek./Stufe 3 mischen oder 5–10 Min./98 °C/Linkslauf/Stufe 1 garen).|Kartoffeln würfeln (im TM: Zwiebel/Knoblauch 5 Sek./Stufe 5 zerkleinern, mit Spatel nach unten schieben).|kurz mitrösten. (im TM: mit 1 EL Öl 3–5 Min./120 °C/Linkslauf/Stufe 1 dünsten (Messbecher entfernt)).|Tomatenmark und Paprikapulver zugeben (im TM: je nach Schritt 10 Sek./Stufe 3 mischen oder 5–10 Min./98 °C/Linkslauf/Stufe 1 garen).|mit Brühe aufgießen. (im TM: je nach Schritt 10 Sek./Stufe 3 mischen oder 5–10 Min./98 °C/Linkslauf/Stufe 1 garen).|20–25 Minuten köcheln lassen (im TM: 10–20 Min./98 °C/Linkslauf/Stufe 1 garen).|evtl. Würstchen in Scheiben zugeben. (im TM: je nach Schritt 10 Sek./Stufe 3 mischen oder 5–10 Min./98 °C/Linkslauf/Stufe 1 garen).|Mit Salz und Pfeffer abschmecken. (im TM: je nach Schritt 10 Sek./Stufe 3 mischen oder 5–10 Min./98 °C/Linkslauf/Stufe 1 garen).","eintopf,budget"
Frikadellen mit Kartoffelbrei und Soße,"Klassiker: saftige Buletten, cremiges Püree, schnelle Bratensoße. TM-Hinweis: Püree im Mixtopf (Kartoffeln garen, dann Milch/Butter untermixen).",4 Personen,PT50M,500 g gemischtes Hackfleisch|1 altbackenes Brötchen (eingeweicht) oder 2 EL Semmelbrösel|1 Ei|1 Zwiebel|1 TL Senf|Salz|Pfeffer|Paprika|Öl zum Braten|Kartoffelbrei: 1 kg Kartoffeln|200 ml Milch|40 g Butter|Salz|Muskat|Soße: 250 ml Bratenfond oder Brühe|1 EL Mehl|1 EL Butter,"Hack mit eingeweichtem Brötchen/Bröseln (im TM: je nach Schritt 10 Sek./Stufe 3 mischen oder 5–10 Min./98 °C/Linkslauf/Stufe 1 garen).|Ei (im TM: je nach Schritt 10 Sek./Stufe 3 mischen oder 5–10 Min./98 °C/Linkslauf/Stufe 1 garen).|gehackter Zwiebel (im TM: Zwiebel/Knoblauch 5 Sek./Stufe 5 zerkleinern, mit Spatel nach unten schieben).|Senf und Gewürzen mischen (im TM: je nach Schritt 10 Sek./Stufe 3 mischen oder 5–10 Min./98 °C/Linkslauf/Stufe 1 garen).|Frikadellen formen. (im TM: je nach Schritt 10 Sek./Stufe 3 mischen oder 5–10 Min./98 °C/Linkslauf/Stufe 1 garen).|In Öl beidseitig braten. (im TM: Für Röstaromen Pfanne/Backofen; alternativ TM6 Anbratfunktion nutzen (5 Min.)).|Kartoffeln weich kochen (im TM: 10–20 Min./98 °C/Linkslauf/Stufe 1 garen).|Milch/Butter zugeben und stampfen (im TM: je nach Schritt 10 Sek./Stufe 3 mischen oder 5–10 Min./98 °C/Linkslauf/Stufe 1 garen).|würzen. (im TM: je nach Schritt 10 Sek./Stufe 3 mischen oder 5–10 Min./98 °C/Linkslauf/Stufe 1 garen).|Für die Soße Bratensatz mit Fond ablöschen (im TM: Für Röstaromen Pfanne/Backofen; alternativ TM6 Anbratfunktion nutzen (5 Min.)).|mit Mehlschwitze binden (im TM: je nach Schritt 10 Sek./Stufe 3 mischen oder 5–10 Min./98 °C/Linkslauf/Stufe 1 garen).|abschmecken. (im TM: je nach Schritt 10 Sek./Stufe 3 mischen oder 5–10 Min./98 °C/Linkslauf/Stufe 1 garen).","klassiker,familienessen"
Nudelpilzpfanne,"Schnelle Pasta-Pfanne mit Pilzen und Kräutern. TM-Hinweis: Pilze 4 Sek./Stufe 4, Sauce 8–10 Min./100°C; Nudeln separat.",4 Personen,PT25M,400 g kurze Pasta|300 g Pilze|1 Zwiebel|2 Knoblauchzehen|200 ml Sahne|100 ml Gemüsebrühe|2 EL Öl|Petersilie|Salz|Pfeffer,"Pasta in Salzwasser kochen. (im TM: 10–20 Min./98 °C/Linkslauf/Stufe 1 garen).|Zwiebel/Knoblauch anschwitzen (im TM: Zwiebel/Knoblauch 5 Sek./Stufe 5 zerkleinern, mit Spatel nach unten schieben; mit 1 EL Öl 3–5 Min./120 °C/Linkslauf/Stufe 1 dünsten (Messbecher entfernt)).|Pilze zugeben und braten. (im TM: Für Röstaromen Pfanne/Backofen; alternativ TM6 Anbratfunktion nutzen (5 Min.)).|Sahne und Brühe angießen (im TM: je nach Schritt 10 Sek./Stufe 3 mischen oder 5–10 Min./98 °C/Linkslauf/Stufe 1 garen).|5 Minuten einkochen (im TM: 10–20 Min./98 °C/Linkslauf/Stufe 1 garen).|würzen. (im TM: je nach Schritt 10 Sek./Stufe 3 mischen oder 5–10 Min./98 °C/Linkslauf/Stufe 1 garen).|Pasta unterheben (im TM: je nach Schritt 10 Sek./Stufe 3 mischen oder 5–10 Min./98 °C/Linkslauf/Stufe 1 garen).|mit Petersilie servieren. (im TM: je nach Schritt 10 Sek./Stufe 3 mischen oder 5–10 Min./98 °C/Linkslauf/Stufe 1 garen).","pasta,vegetarisch"
Rinderbraten mit Rotkohl und Knödel,Sonntagsklassiker. TM-Hinweis: Rotkohl im Mixtopf garen; Knödel separat; Bratensoße im Mixtopf ziehen.,4 Personen,PT3H0M,1|2 kg Rinderbraten|2 Zwiebeln|2 Möhren|1 Stück Sellerie|2 EL Tomatenmark|500 ml Rinderfond|200 ml Rotwein (optional)|2 EL Öl|Salz|Pfeffer|Lorbeer|Rotkohl (Fertig oder 1 Kopf + Apfel)|Kartoffel|oder Semmelknödel (Fertig oder Teig),"Braten salzen/pfeffern (im TM: Für Röstaromen Pfanne/Backofen; alternativ TM6 Anbratfunktion nutzen (5 Min.)).|in Öl scharf anbraten (im TM: mit 1 EL Öl 3–5 Min./120 °C/Linkslauf/Stufe 1 dünsten (Messbecher entfernt); Für Röstaromen Pfanne/Backofen; alternativ TM6 Anbratfunktion nutzen (5 Min.)).|herausnehmen. (im TM: je nach Schritt 10 Sek./Stufe 3 mischen oder 5–10 Min./98 °C/Linkslauf/Stufe 1 garen).|Zwiebeln (im TM: Zwiebel/Knoblauch 5 Sek./Stufe 5 zerkleinern, mit Spatel nach unten schieben).|Möhren (im TM: je nach Schritt 10 Sek./Stufe 3 mischen oder 5–10 Min./98 °C/Linkslauf/Stufe 1 garen).|Sellerie anrösten (im TM: mit 1 EL Öl 3–5 Min./120 °C/Linkslauf/Stufe 1 dünsten (Messbecher entfernt)).|Tomatenmark zugeben (im TM: je nach Schritt 10 Sek./Stufe 3 mischen oder 5–10 Min./98 °C/Linkslauf/Stufe 1 garen).|mit Fond/Rotwein ablöschen. (im TM: je nach Schritt 10 Sek./Stufe 3 mischen oder 5–10 Min./98 °C/Linkslauf/Stufe 1 garen).|Braten zurück (im TM: Für Röstaromen Pfanne/Backofen; alternativ TM6 Anbratfunktion nutzen (5 Min.)).|zugedeckt 2–2 (im TM: je nach Schritt 10 Sek./Stufe 3 mischen oder 5–10 Min./98 °C/Linkslauf/Stufe 1 garen).|5 h schmoren. (im TM: je nach Schritt 10 Sek./Stufe 3 mischen oder 5–10 Min./98 °C/Linkslauf/Stufe 1 garen).|Rotkohl separat garen (im TM: 10–20 Min./98 °C/Linkslauf/Stufe 1 garen).|Knödel kochen. (im TM: 10–20 Min./98 °C/Linkslauf/Stufe 1 garen).|Bratensoße passieren und abschmecken (im TM: Für Röstaromen Pfanne/Backofen; alternativ TM6 Anbratfunktion nutzen (5 Min.)).|alles servieren. (im TM: je nach Schritt 10 Sek./Stufe 3 mischen oder 5–10 Min./98 °C/Linkslauf/Stufe 1 garen).","festlich,klassiker"
Pilmeni-Pierogi-Rindfleisch-Pfanne,"Pfanne mit russischen/osteuropäischen Teigtaschen (Pilmeni/Pierogi) und Rindfleisch-Zwiebel-Mix. TM-Hinweis: Zwiebeln 5 Sek./Stufe 5, Pfanne zum Braten.",4 Personen,PT25M,600 g Pelmeni oder Pierogi (TK)|300 g Rindfleischstreifen|2 Zwiebeln|2 EL Butter oder Öl|200 g Schmand|Salz|Pfeffer|Dill,"Pelmeni/Pierogi nach Packung garen. (im TM: 10–20 Min./98 °C/Linkslauf/Stufe 1 garen).|Zwiebeln in Butter/Öl braten (im TM: Zwiebel/Knoblauch 5 Sek./Stufe 5 zerkleinern, mit Spatel nach unten schieben; Für Röstaromen Pfanne/Backofen; alternativ TM6 Anbratfunktion nutzen (5 Min.)).|Rindfleisch zugeben (im TM: je nach Schritt 10 Sek./Stufe 3 mischen oder 5–10 Min./98 °C/Linkslauf/Stufe 1 garen).|kurz scharf anbraten. (im TM: mit 1 EL Öl 3–5 Min./120 °C/Linkslauf/Stufe 1 dünsten (Messbecher entfernt); Für Röstaromen Pfanne/Backofen; alternativ TM6 Anbratfunktion nutzen (5 Min.)).|Pelmeni/Pierogi untermischen (im TM: je nach Schritt 10 Sek./Stufe 3 mischen oder 5–10 Min./98 °C/Linkslauf/Stufe 1 garen).|mit Schmand (im TM: je nach Schritt 10 Sek./Stufe 3 mischen oder 5–10 Min./98 °C/Linkslauf/Stufe 1 garen).|Salz (im TM: je nach Schritt 10 Sek./Stufe 3 mischen oder 5–10 Min./98 °C/Linkslauf/Stufe 1 garen).|Pfeffer und Dill abschmecken. (im TM: je nach Schritt 10 Sek./Stufe 3 mischen oder 5–10 Min./98 °C/Linkslauf/Stufe 1 garen).","pfannengericht,komfort"
Knödel mit Schwammerlsoße,Semmelknödel mit cremiger Pilzrahmsoße. TM-Hinweis: Soße im Mixtopf; Knödel im Varoma dämpfen.,4 Personen,PT30M,8 Semmelknödel (frisch oder Fertigprodukt)|400 g Pilze gemischt|1 Zwiebel|200 ml Sahne|200 ml Gemüsebrühe|2 EL Butter|Salz|Pfeffer|Petersilie,"Knödel nach Anleitung zubereiten. (im TM: je nach Schritt 10 Sek./Stufe 3 mischen oder 5–10 Min./98 °C/Linkslauf/Stufe 1 garen).|Zwiebel anschwitzen (im TM: Zwiebel/Knoblauch 5 Sek./Stufe 5 zerkleinern, mit Spatel nach unten schieben; mit 1 EL Öl 3–5 Min./120 °C/Linkslauf/Stufe 1 dünsten (Messbecher entfernt)).|Pilze zugeben und braten. (im TM: Für Röstaromen Pfanne/Backofen; alternativ TM6 Anbratfunktion nutzen (5 Min.)).|Mit Brühe und Sahne aufgießen (im TM: je nach Schritt 10 Sek./Stufe 3 mischen oder 5–10 Min./98 °C/Linkslauf/Stufe 1 garen).|5–8 Minuten köcheln (im TM: 10–20 Min./98 °C/Linkslauf/Stufe 1 garen).|würzen. (im TM: je nach Schritt 10 Sek./Stufe 3 mischen oder 5–10 Min./98 °C/Linkslauf/Stufe 1 garen).|Mit Petersilie bestreuen und zu Knödeln servieren. (im TM: je nach Schritt 10 Sek./Stufe 3 mischen oder 5–10 Min./98 °C/Linkslauf/Stufe 1 garen).","vegetarisch,soße"
Selbstgemachte Schnitzel,"Paniertes Schweine- oder Kalbsschnitzel, goldgelb ausgebacken. TM-Hinweis: Panade-Zutaten im Mixtopf zerkleinern/mischen.",4 Personen,PT25M,4 Schweine|oder Kalbsschnitzel (je 150–180 g)|Salz|Pfeffer|Mehl|2 Eier|Semmelbrösel|Butterschmalz zum Ausbacken|Zitronenspalten,Schnitzel flach klopfen (im TM: je nach Schritt 10 Sek./Stufe 3 mischen oder 5–10 Min./98 °C/Linkslauf/Stufe 1 garen).|salzen (im TM: je nach Schritt 10 Sek./Stufe 3 mischen oder 5–10 Min./98 °C/Linkslauf/Stufe 1 garen).|pfeffern. (im TM: je nach Schritt 10 Sek./Stufe 3 mischen oder 5–10 Min./98 °C/Linkslauf/Stufe 1 garen).|In Mehl wenden (im TM: je nach Schritt 10 Sek./Stufe 3 mischen oder 5–10 Min./98 °C/Linkslauf/Stufe 1 garen).|durch verquirlte Eier ziehen und in Semmelbröseln wenden. (im TM: je nach Schritt 10 Sek./Stufe 3 mischen oder 5–10 Min./98 °C/Linkslauf/Stufe 1 garen).|In heißem Butterschmalz schwimmend goldbraun ausbacken. (im TM: Hinweis: Backofen extern nutzen; TM für Saucen/Beilagen verwenden).|Mit Zitrone servieren. (im TM: je nach Schritt 10 Sek./Stufe 3 mischen oder 5–10 Min./98 °C/Linkslauf/Stufe 1 garen).,"klassiker,hauptgericht"
Gefüllte Zucchini,Mit Hackreis-Füllung und Käse überbacken. TM-Hinweis: Füllung im Mixtopf zerkleinern/mischen.,4 Personen,PT45M,4 kleine Zucchini|300 g Rinderhack|1 Beutel Reis (oder 120 g Rohreis)|1 Zwiebel|1 Knoblauchzehe|1 Dose Tomaten (400 g)|100 g geriebener Käse|2 EL Öl|Salz|Pfeffer|Oregano,"Zucchini halbieren (im TM: je nach Schritt 10 Sek./Stufe 3 mischen oder 5–10 Min./98 °C/Linkslauf/Stufe 1 garen).|aushöhlen. (im TM: je nach Schritt 10 Sek./Stufe 3 mischen oder 5–10 Min./98 °C/Linkslauf/Stufe 1 garen).|Reis garen. (im TM: 10–20 Min./98 °C/Linkslauf/Stufe 1 garen).|Zwiebel/Knoblauch anschwitzen (im TM: Zwiebel/Knoblauch 5 Sek./Stufe 5 zerkleinern, mit Spatel nach unten schieben; mit 1 EL Öl 3–5 Min./120 °C/Linkslauf/Stufe 1 dünsten (Messbecher entfernt)).|Hack anbraten (im TM: mit 1 EL Öl 3–5 Min./120 °C/Linkslauf/Stufe 1 dünsten (Messbecher entfernt); Für Röstaromen Pfanne/Backofen; alternativ TM6 Anbratfunktion nutzen (5 Min.)).|Tomaten und Gewürze zugeben (im TM: je nach Schritt 10 Sek./Stufe 3 mischen oder 5–10 Min./98 °C/Linkslauf/Stufe 1 garen).|Reis untermischen. (im TM: je nach Schritt 10 Sek./Stufe 3 mischen oder 5–10 Min./98 °C/Linkslauf/Stufe 1 garen).|Zucchini füllen (im TM: je nach Schritt 10 Sek./Stufe 3 mischen oder 5–10 Min./98 °C/Linkslauf/Stufe 1 garen).|mit Käse bestreuen und bei 180°C 20–25 Minuten backen. (im TM: Hinweis: Backofen extern nutzen; TM für Saucen/Beilagen verwenden).","ofen,gemaeuse"
Moussaka,"Griechischer Auflauf mit Auberginen, Hack und Béchamel. TM-Hinweis: Bolo & Béchamel im Mixtopf, Auberginen im Ofen vorbacken.",4 Personen,PT1H15M,2 Auberginen|500 g Hack (Rind/Lamm)|1 Zwiebel|2 Knoblauchzehen|1 Dose Tomaten (400 g)|2 EL Tomatenmark|Zimt/Allspice (Prise)|Olivenöl|Salz|Pfeffer|Béchamel: 60 g Butter|60 g Mehl|600 ml Milch|Muskat|Käse zum Überbacken,"Auberginen in Scheiben schneiden (im TM: Zwiebel/Knoblauch 5 Sek./Stufe 5 zerkleinern, mit Spatel nach unten schieben).|salzen (im TM: je nach Schritt 10 Sek./Stufe 3 mischen oder 5–10 Min./98 °C/Linkslauf/Stufe 1 garen).|20 Min ziehen lassen (im TM: je nach Schritt 10 Sek./Stufe 3 mischen oder 5–10 Min./98 °C/Linkslauf/Stufe 1 garen).|trocken tupfen und im Ofen vorbacken. (im TM: Hinweis: Backofen extern nutzen; TM für Saucen/Beilagen verwenden).|Hack mit Zwiebel/Knoblauch krümelig braten (im TM: Zwiebel/Knoblauch 5 Sek./Stufe 5 zerkleinern, mit Spatel nach unten schieben; Für Röstaromen Pfanne/Backofen; alternativ TM6 Anbratfunktion nutzen (5 Min.)).|Tomatenmark rösten (im TM: mit 1 EL Öl 3–5 Min./120 °C/Linkslauf/Stufe 1 dünsten (Messbecher entfernt)).|Tomaten und Gewürze zugeben (im TM: je nach Schritt 10 Sek./Stufe 3 mischen oder 5–10 Min./98 °C/Linkslauf/Stufe 1 garen).|köcheln. (im TM: 10–20 Min./98 °C/Linkslauf/Stufe 1 garen).|Béchamel kochen. (im TM: 10–20 Min./98 °C/Linkslauf/Stufe 1 garen).|Schichten: Auberginen (im TM: je nach Schritt 10 Sek./Stufe 3 mischen oder 5–10 Min./98 °C/Linkslauf/Stufe 1 garen).|Hack (im TM: je nach Schritt 10 Sek./Stufe 3 mischen oder 5–10 Min./98 °C/Linkslauf/Stufe 1 garen).|Béchamel (im TM: je nach Schritt 10 Sek./Stufe 3 mischen oder 5–10 Min./98 °C/Linkslauf/Stufe 1 garen).|bei 180–200°C ca. 35 Minuten backen. (im TM: Hinweis: Backofen extern nutzen; TM für Saucen/Beilagen verwenden).","auflauf,griechisch"
Kreative Burger,"Selbstgemachte Burger-Patties mit variablen Toppings (Cheddar, Bacon, Avocado, etc.). TM-Hinweis: Pattie-Masse kurz mischen; Saucen im Mixtopf.",4 Personen,PT25M,"600 g Rinderhack|4 Burgerbrötchen|Salz|Pfeffer|4 Scheiben Käse (z. B. Cheddar)|Toppings nach Wahl (Tomate, Salat, Gurke, Zwiebel, Bacon, Avocado)|Saucen nach Wahl",Hack salzen/pfeffern (im TM: je nach Schritt 10 Sek./Stufe 3 mischen oder 5–10 Min./98 °C/Linkslauf/Stufe 1 garen).|4 Patties formen. (im TM: je nach Schritt 10 Sek./Stufe 3 mischen oder 5–10 Min./98 °C/Linkslauf/Stufe 1 garen).|Patties in Pfanne/Grill braten (im TM: Für Röstaromen Pfanne/Backofen; alternativ TM6 Anbratfunktion nutzen (5 Min.)).|Käse zum Schmelzen auflegen. (im TM: je nach Schritt 10 Sek./Stufe 3 mischen oder 5–10 Min./98 °C/Linkslauf/Stufe 1 garen).|Brötchen kurz rösten (im TM: mit 1 EL Öl 3–5 Min./120 °C/Linkslauf/Stufe 1 dünsten (Messbecher entfernt)).|mit Toppings und Saucen nach Wunsch belegen. (im TM: je nach Schritt 10 Sek./Stufe 3 mischen oder 5–10 Min./98 °C/Linkslauf/Stufe 1 garen).,"fingerfood,grill"
Bruschetta,Geröstetes Brot mit Tomaten-Knoblauch-Belag. TM-Hinweis: Tomatenwürfel & Marinade 3–4 Sek./Stufe 4 mischen.,4 Personen,PT15M,1 Baguette oder Ciabatta|5 Tomaten|2 Knoblauchzehen|2 EL Olivenöl|Basilikum|Salz|Pfeffer,"Brot in Scheiben schneiden (im TM: Zwiebel/Knoblauch 5 Sek./Stufe 5 zerkleinern, mit Spatel nach unten schieben).|im Ofen rösten. (im TM: mit 1 EL Öl 3–5 Min./120 °C/Linkslauf/Stufe 1 dünsten (Messbecher entfernt); Hinweis: Backofen extern nutzen; TM für Saucen/Beilagen verwenden).|Tomaten würfeln (im TM: Zwiebel/Knoblauch 5 Sek./Stufe 5 zerkleinern, mit Spatel nach unten schieben).|mit Knoblauch (im TM: Zwiebel/Knoblauch 5 Sek./Stufe 5 zerkleinern, mit Spatel nach unten schieben).|Öl (im TM: je nach Schritt 10 Sek./Stufe 3 mischen oder 5–10 Min./98 °C/Linkslauf/Stufe 1 garen).|Basilikum (im TM: je nach Schritt 10 Sek./Stufe 3 mischen oder 5–10 Min./98 °C/Linkslauf/Stufe 1 garen).|Salz und Pfeffer mischen. (im TM: je nach Schritt 10 Sek./Stufe 3 mischen oder 5–10 Min./98 °C/Linkslauf/Stufe 1 garen).|Auf das warme Brot geben und sofort servieren. (im TM: je nach Schritt 10 Sek./Stufe 3 mischen oder 5–10 Min./98 °C/Linkslauf/Stufe 1 garen).","vorspeise,vegetarisch"
Selbstgemachte Pizza,Einfacher Pizzateig mit Tomatensauce und Wunschbelag. TM-Hinweis: Teig 2 Min./Knetstufe; Sauce 5 Sek./Stufe 5.,4 Personen,PT1H30M,Teig: 500 g Mehl|300 ml Wasser|1 Päckchen Trockenhefe|1 TL Salz|1 EL Olivenöl|Sauce: 1 Dose Tomaten (400 g)|1 Knoblauchzehe|Salz|Oregano|Belag nach Wahl|Käse|gerieben,"Teig kneten und 60 Minuten gehen lassen. (im TM: 30 Sek./Stufe 4 mischen, dann 2 Min./Knetstufe).|Sauce aus Tomaten (im TM: je nach Schritt 10 Sek./Stufe 3 mischen oder 5–10 Min./98 °C/Linkslauf/Stufe 1 garen).|Knoblauch (im TM: Zwiebel/Knoblauch 5 Sek./Stufe 5 zerkleinern, mit Spatel nach unten schieben).|Salz (im TM: je nach Schritt 10 Sek./Stufe 3 mischen oder 5–10 Min./98 °C/Linkslauf/Stufe 1 garen).|Oregano rühren. (im TM: je nach Schritt 10 Sek./Stufe 3 mischen oder 5–10 Min./98 °C/Linkslauf/Stufe 1 garen).|Teig ausrollen (im TM: 30 Sek./Stufe 4 mischen, dann 2 Min./Knetstufe).|belegen (im TM: je nach Schritt 10 Sek./Stufe 3 mischen oder 5–10 Min./98 °C/Linkslauf/Stufe 1 garen).|bei 250°C (oder Maximum) 10–12 Minuten backen. (im TM: Hinweis: Backofen extern nutzen; TM für Saucen/Beilagen verwenden).","pizza,familie"
Sommerrollen,"Frische Reispapierrollen mit Gemüse, Kräutern und ggf. Garnelen/Tofu. TM-Hinweis: Erdnusssauce 5 Sek./Stufe 5 mischen.",4 Personen,PT30M,"12 Reispapierblätter|200 g Reisnudeln (dünn)|1 Möhre|1 Gurke|1 Paprika|Kräuter (Minze, Koriander)|200 g Garnelen oder Tofu|Dip: 2 EL Erdnussbutter|1 EL Sojasoße|1 TL Honig|Limettensaft|Wasser","Reisnudeln garen und kalt abschrecken. (im TM: 10–20 Min./98 °C/Linkslauf/Stufe 1 garen).|Gemüse in feine Streifen schneiden (im TM: Zwiebel/Knoblauch 5 Sek./Stufe 5 zerkleinern, mit Spatel nach unten schieben; 20–40 Sek./Stufe 6–8 pürieren (mit Messbecher)).|Garnelen kurz anbraten (oder Tofu). (im TM: mit 1 EL Öl 3–5 Min./120 °C/Linkslauf/Stufe 1 dünsten (Messbecher entfernt); Für Röstaromen Pfanne/Backofen; alternativ TM6 Anbratfunktion nutzen (5 Min.)).|Reispapier in warmem Wasser weich machen (im TM: je nach Schritt 10 Sek./Stufe 3 mischen oder 5–10 Min./98 °C/Linkslauf/Stufe 1 garen).|füllen und straff aufrollen. (im TM: je nach Schritt 10 Sek./Stufe 3 mischen oder 5–10 Min./98 °C/Linkslauf/Stufe 1 garen).|Mit Erdnuss-Dip servieren. (im TM: je nach Schritt 10 Sek./Stufe 3 mischen oder 5–10 Min./98 °C/Linkslauf/Stufe 1 garen).","fingerfood,leicht"
Selbstgemachter Flammkuchen,"Knuspriger Teig mit Schmand, Zwiebeln, Speck oder vegetarisch. TM-Hinweis: Teig 2 Min./Knetstufe.",4 Personen,PT35M,Teig: 250 g Mehl|125 ml Wasser|2 EL Öl|1/2 TL Salz|Belag: 200 g Schmand|2 Zwiebeln|100 g Speckwürfel (optional)|Salz|Pfeffer,"Teig kneten (im TM: 30 Sek./Stufe 4 mischen, dann 2 Min./Knetstufe).|dünn ausrollen. (im TM: je nach Schritt 10 Sek./Stufe 3 mischen oder 5–10 Min./98 °C/Linkslauf/Stufe 1 garen).|Mit Schmand bestreichen (im TM: je nach Schritt 10 Sek./Stufe 3 mischen oder 5–10 Min./98 °C/Linkslauf/Stufe 1 garen).|Zwiebeln in feinen Ringen (im TM: Zwiebel/Knoblauch 5 Sek./Stufe 5 zerkleinern, mit Spatel nach unten schieben; 20–40 Sek./Stufe 6–8 pürieren (mit Messbecher)).|Speck darüber. (im TM: je nach Schritt 10 Sek./Stufe 3 mischen oder 5–10 Min./98 °C/Linkslauf/Stufe 1 garen).|Bei 250°C 8–10 Minuten knusprig backen. (im TM: Hinweis: Backofen extern nutzen; TM für Saucen/Beilagen verwenden; Für Röstaromen Pfanne/Backofen; alternativ TM6 Anbratfunktion nutzen (5 Min.)).","ofen,elsass"
Kohlrouladen,Mit Hack gefüllte Weißkohlblätter in Tomatensoße. TM-Hinweis: Füllung im Mixtopf mischen; Soße im Mixtopf.,4 Personen,PT1H10M,8 große Weißkohlblätter|500 g Hackfleisch|1 Zwiebel|1 Ei|2 EL Semmelbrösel|1 TL Senf|Salz|Pfeffer|Sauce: 1 Dose Tomaten (400 g)|1 Zwiebel|1 EL Tomatenmark|200 ml Brühe,"Kohlblätter in Salzwasser blanchieren. (im TM: je nach Schritt 10 Sek./Stufe 3 mischen oder 5–10 Min./98 °C/Linkslauf/Stufe 1 garen).|Füllung aus Hack (im TM: je nach Schritt 10 Sek./Stufe 3 mischen oder 5–10 Min./98 °C/Linkslauf/Stufe 1 garen).|Zwiebel (im TM: Zwiebel/Knoblauch 5 Sek./Stufe 5 zerkleinern, mit Spatel nach unten schieben).|Ei (im TM: je nach Schritt 10 Sek./Stufe 3 mischen oder 5–10 Min./98 °C/Linkslauf/Stufe 1 garen).|Bröseln (im TM: je nach Schritt 10 Sek./Stufe 3 mischen oder 5–10 Min./98 °C/Linkslauf/Stufe 1 garen).|Senf (im TM: je nach Schritt 10 Sek./Stufe 3 mischen oder 5–10 Min./98 °C/Linkslauf/Stufe 1 garen).|Salz (im TM: je nach Schritt 10 Sek./Stufe 3 mischen oder 5–10 Min./98 °C/Linkslauf/Stufe 1 garen).|Pfeffer mischen. (im TM: je nach Schritt 10 Sek./Stufe 3 mischen oder 5–10 Min./98 °C/Linkslauf/Stufe 1 garen).|Aufrollen (im TM: je nach Schritt 10 Sek./Stufe 3 mischen oder 5–10 Min./98 °C/Linkslauf/Stufe 1 garen).|in Topf/Pfanne rundum anbraten. (im TM: mit 1 EL Öl 3–5 Min./120 °C/Linkslauf/Stufe 1 dünsten (Messbecher entfernt); Für Röstaromen Pfanne/Backofen; alternativ TM6 Anbratfunktion nutzen (5 Min.)).|Tomatensoße anrühren (im TM: je nach Schritt 10 Sek./Stufe 3 mischen oder 5–10 Min./98 °C/Linkslauf/Stufe 1 garen).|angießen und 30–40 Minuten schmoren. (im TM: je nach Schritt 10 Sek./Stufe 3 mischen oder 5–10 Min./98 °C/Linkslauf/Stufe 1 garen).","klassiker,schmorgericht"
Kartoffelgratin,Cremiges Gratin mit Sahne und Käse. TM-Hinweis: Sahne-Mischung im Mixtopf erhitzen; Kartoffeln hobeln.,4 Personen,PT1H10M,1 kg festkochende Kartoffeln|300 ml Sahne|100 ml Milch|1 Knoblauchzehe|Salz|Pfeffer|Muskat|100 g geriebener Käse,"Kartoffeln schälen und in dünne Scheiben hobeln. (im TM: je nach Schritt 10 Sek./Stufe 3 mischen oder 5–10 Min./98 °C/Linkslauf/Stufe 1 garen).|Sahne (im TM: je nach Schritt 10 Sek./Stufe 3 mischen oder 5–10 Min./98 °C/Linkslauf/Stufe 1 garen).|Milch (im TM: je nach Schritt 10 Sek./Stufe 3 mischen oder 5–10 Min./98 °C/Linkslauf/Stufe 1 garen).|gepressten Knoblauch und Gewürze verrühren. (im TM: Zwiebel/Knoblauch 5 Sek./Stufe 5 zerkleinern, mit Spatel nach unten schieben).|Kartoffeln in Auflaufform schichten (im TM: je nach Schritt 10 Sek./Stufe 3 mischen oder 5–10 Min./98 °C/Linkslauf/Stufe 1 garen).|Mischung darübergießen (im TM: je nach Schritt 10 Sek./Stufe 3 mischen oder 5–10 Min./98 °C/Linkslauf/Stufe 1 garen).|mit Käse bestreuen. (im TM: je nach Schritt 10 Sek./Stufe 3 mischen oder 5–10 Min./98 °C/Linkslauf/Stufe 1 garen).|Bei 180–200°C 45–55 Minuten backen. (im TM: Hinweis: Backofen extern nutzen; TM für Saucen/Beilagen verwenden).","beilage,ofen"
Cevapcici mit selbstgemachtem Zaziki,"Würzige Hackröllchen mit Knoblauch-Joghurt-Dip. TM-Hinweis: Zaziki im Mixtopf rühren, Hackmasse kurz mischen.",4 Personen,PT35M,600 g Rinder|oder Lammhack|1 Zwiebel|2 Knoblauchzehen|1 TL Paprika edelsüß|1 TL Kreuzkümmel|Salz|Pfeffer|Öl zum Braten|Zaziki: 300 g Joghurt|1/2 Gurke gerieben|1 Knoblauchzehe|Salz|Pfeffer|1 EL Olivenöl,"Hack mit fein gehackter Zwiebel/Knoblauch (im TM: Zwiebel/Knoblauch 5 Sek./Stufe 5 zerkleinern, mit Spatel nach unten schieben; 20–40 Sek./Stufe 6–8 pürieren (mit Messbecher)).|Gewürzen mischen (im TM: je nach Schritt 10 Sek./Stufe 3 mischen oder 5–10 Min./98 °C/Linkslauf/Stufe 1 garen).|kleine Röllchen formen. (im TM: je nach Schritt 10 Sek./Stufe 3 mischen oder 5–10 Min./98 °C/Linkslauf/Stufe 1 garen).|In etwas Öl rundum braten oder grillen. (im TM: Für Röstaromen Pfanne/Backofen; alternativ TM6 Anbratfunktion nutzen (5 Min.)).|Zaziki rühren und dazu servieren. (im TM: je nach Schritt 10 Sek./Stufe 3 mischen oder 5–10 Min./98 °C/Linkslauf/Stufe 1 garen).","balkan,grill"
Jause (Brotzeitplatte),"Österreichische Brotzeit mit Brot, Aufschnitt, Käse, Essiggurke. TM-Hinweis: Aufstriche im Mixtopf zubereiten.",4 Personen,PT10M,Bauernbrot oder Semmeln|Verschiedene Wurst|und Schinkensorten|Käseauswahl|Essiggurken|Pfefferoni|Butter|Aufstriche|Radieschen|Tomaten,Alles ansprechend auf einer Platte anrichten. (im TM: je nach Schritt 10 Sek./Stufe 3 mischen oder 5–10 Min./98 °C/Linkslauf/Stufe 1 garen).|Brot in Scheiben (im TM: je nach Schritt 10 Sek./Stufe 3 mischen oder 5–10 Min./98 °C/Linkslauf/Stufe 1 garen).|Aufschnitt und Käse fächerförmig legen. (im TM: je nach Schritt 10 Sek./Stufe 3 mischen oder 5–10 Min./98 °C/Linkslauf/Stufe 1 garen).|Mit Gurken und Gemüse garnieren. (im TM: je nach Schritt 10 Sek./Stufe 3 mischen oder 5–10 Min./98 °C/Linkslauf/Stufe 1 garen).,"brotzeit,kalt"
Grünkohl und Pinkel,"Norddeutscher Klassiker mit Grünkohl, Pinkelwurst, Kassler. TM-Hinweis: Grünkohl im Mixtopf garen; Fleisch separat.",4 Personen,PT1H30M,1 kg Grünkohl (frisch oder TK)|1 Zwiebel|2 EL Schmalz oder Öl|500 ml Brühe|4 Pinkelwürste|300 g Kassler|Salz|Pfeffer|Senf,"Zwiebel anschwitzen (im TM: Zwiebel/Knoblauch 5 Sek./Stufe 5 zerkleinern, mit Spatel nach unten schieben; mit 1 EL Öl 3–5 Min./120 °C/Linkslauf/Stufe 1 dünsten (Messbecher entfernt)).|Grünkohl zugeben und mit Brühe garen (45–60 Min). (im TM: 10–20 Min./98 °C/Linkslauf/Stufe 1 garen).|Pinkel und Kassler in den letzten 20 Minuten mitgaren. (im TM: 10–20 Min./98 °C/Linkslauf/Stufe 1 garen).|Mit Salz (im TM: je nach Schritt 10 Sek./Stufe 3 mischen oder 5–10 Min./98 °C/Linkslauf/Stufe 1 garen).|Pfeffer (im TM: je nach Schritt 10 Sek./Stufe 3 mischen oder 5–10 Min./98 °C/Linkslauf/Stufe 1 garen).|Senf abschmecken. (im TM: je nach Schritt 10 Sek./Stufe 3 mischen oder 5–10 Min./98 °C/Linkslauf/Stufe 1 garen).","norddeutsch,winter"
Blunzengröstl,"Tiroler Gröstl-Variante mit Blutwurst. TM-Hinweis: Kartoffeln im Mixtopf garen, dann Pfanne fürs Knusprige.",4 Personen,PT30M,600 g gekochte Kartoffeln|300 g Blutwurst (Blunzen)|1 Zwiebel|2 EL Butterschmalz|Salz|Pfeffer|Majoran,"Kartoffeln in Scheiben (im TM: je nach Schritt 10 Sek./Stufe 3 mischen oder 5–10 Min./98 °C/Linkslauf/Stufe 1 garen).|Zwiebel in Ringe schneiden. (im TM: Zwiebel/Knoblauch 5 Sek./Stufe 5 zerkleinern, mit Spatel nach unten schieben).|In Schmalz Zwiebeln anbraten (im TM: Zwiebel/Knoblauch 5 Sek./Stufe 5 zerkleinern, mit Spatel nach unten schieben; mit 1 EL Öl 3–5 Min./120 °C/Linkslauf/Stufe 1 dünsten (Messbecher entfernt); Für Röstaromen Pfanne/Backofen; alternativ TM6 Anbratfunktion nutzen (5 Min.)).|Kartoffeln zugeben (im TM: je nach Schritt 10 Sek./Stufe 3 mischen oder 5–10 Min./98 °C/Linkslauf/Stufe 1 garen).|knusprig braten. (im TM: Für Röstaromen Pfanne/Backofen; alternativ TM6 Anbratfunktion nutzen (5 Min.)).|Blutwurst in Scheiben zugeben (im TM: je nach Schritt 10 Sek./Stufe 3 mischen oder 5–10 Min./98 °C/Linkslauf/Stufe 1 garen).|kurz mitbraten (im TM: Für Röstaromen Pfanne/Backofen; alternativ TM6 Anbratfunktion nutzen (5 Min.)).|würzen. (im TM: je nach Schritt 10 Sek./Stufe 3 mischen oder 5–10 Min./98 °C/Linkslauf/Stufe 1 garen).","alpenkueche,pfanne"
Essigwurst,Kaltes Gericht: Wurstsalat in Essig-Öl-Marinade mit Zwiebel. TM-Hinweis: Marinade 5 Sek./Stufe 4 mischen.,4 Personen,PT15M,400 g Lyoner/Fleischwurst|1 Zwiebel|4 EL Weißweinessig|3 EL Öl|1 TL Senf|Salz|Pfeffer|Schnittlauch,"Wurst in Streifen (im TM: je nach Schritt 10 Sek./Stufe 3 mischen oder 5–10 Min./98 °C/Linkslauf/Stufe 1 garen).|Zwiebel in Ringe schneiden. (im TM: Zwiebel/Knoblauch 5 Sek./Stufe 5 zerkleinern, mit Spatel nach unten schieben).|Marinade aus Essig (im TM: je nach Schritt 10 Sek./Stufe 3 mischen oder 5–10 Min./98 °C/Linkslauf/Stufe 1 garen).|Öl (im TM: je nach Schritt 10 Sek./Stufe 3 mischen oder 5–10 Min./98 °C/Linkslauf/Stufe 1 garen).|Senf (im TM: je nach Schritt 10 Sek./Stufe 3 mischen oder 5–10 Min./98 °C/Linkslauf/Stufe 1 garen).|Salz (im TM: je nach Schritt 10 Sek./Stufe 3 mischen oder 5–10 Min./98 °C/Linkslauf/Stufe 1 garen).|Pfeffer rühren. (im TM: je nach Schritt 10 Sek./Stufe 3 mischen oder 5–10 Min./98 °C/Linkslauf/Stufe 1 garen).|Alles mischen (im TM: je nach Schritt 10 Sek./Stufe 3 mischen oder 5–10 Min./98 °C/Linkslauf/Stufe 1 garen).|mit Schnittlauch bestreuen (im TM: je nach Schritt 10 Sek./Stufe 3 mischen oder 5–10 Min./98 °C/Linkslauf/Stufe 1 garen).|ziehen lassen. (im TM: je nach Schritt 10 Sek./Stufe 3 mischen oder 5–10 Min./98 °C/Linkslauf/Stufe 1 garen).","salat,kalt"
Kürbissuppe,"Cremige Suppe aus Hokkaido mit Kokos oder Sahne. TM-Hinweis: Alles im Mixtopf 20–25 Min./100°C garen, pürieren.",4 Personen,PT35M,1 kg Hokkaido-Kürbis|1 Zwiebel|1 Knoblauchzehe|700 ml Gemüsebrühe|200 ml Kokosmilch oder Sahne|2 EL Öl|Salz|Pfeffer|Muskat|Kürbiskerne (zum Topping),"Kürbis entkernen (im TM: je nach Schritt 10 Sek./Stufe 3 mischen oder 5–10 Min./98 °C/Linkslauf/Stufe 1 garen).|würfeln (im TM: Zwiebel/Knoblauch 5 Sek./Stufe 5 zerkleinern, mit Spatel nach unten schieben).|Zwiebel/Knoblauch hacken und anschwitzen. (im TM: Zwiebel/Knoblauch 5 Sek./Stufe 5 zerkleinern, mit Spatel nach unten schieben; mit 1 EL Öl 3–5 Min./120 °C/Linkslauf/Stufe 1 dünsten (Messbecher entfernt)).|Kürbis zugeben (im TM: je nach Schritt 10 Sek./Stufe 3 mischen oder 5–10 Min./98 °C/Linkslauf/Stufe 1 garen).|Brühe angießen und 20 Minuten köcheln. (im TM: 10–20 Min./98 °C/Linkslauf/Stufe 1 garen).|Kokosmilch/Sahne zugeben (im TM: je nach Schritt 10 Sek./Stufe 3 mischen oder 5–10 Min./98 °C/Linkslauf/Stufe 1 garen).|pürieren und abschmecken. (im TM: 20–40 Sek./Stufe 6–8 pürieren (mit Messbecher)).|Mit Kernen servieren. (im TM: je nach Schritt 10 Sek./Stufe 3 mischen oder 5–10 Min./98 °C/Linkslauf/Stufe 1 garen).","suppe,herbst"
Griechischer Salat,"Tomaten-Gurken-Feta-Salat mit Oliven und Oregano. TM-Hinweis: Dressing 5 Sek./Stufe 4 mischen, Gemüse groß lassen.",4 Personen,PT15M,4 Tomaten|1 Gurke|1 rote Zwiebel|150 g Feta|Handvoll schwarze Oliven|2 EL Olivenöl|1 EL Rotweinessig|Oregano|Salz|Pfeffer,"Tomaten (im TM: je nach Schritt 10 Sek./Stufe 3 mischen oder 5–10 Min./98 °C/Linkslauf/Stufe 1 garen).|Gurke (im TM: je nach Schritt 10 Sek./Stufe 3 mischen oder 5–10 Min./98 °C/Linkslauf/Stufe 1 garen).|Zwiebel in Stücke/Ringe schneiden. (im TM: Zwiebel/Knoblauch 5 Sek./Stufe 5 zerkleinern, mit Spatel nach unten schieben).|Mit Feta und Oliven mischen. (im TM: je nach Schritt 10 Sek./Stufe 3 mischen oder 5–10 Min./98 °C/Linkslauf/Stufe 1 garen).|Mit Öl (im TM: je nach Schritt 10 Sek./Stufe 3 mischen oder 5–10 Min./98 °C/Linkslauf/Stufe 1 garen).|Essig (im TM: je nach Schritt 10 Sek./Stufe 3 mischen oder 5–10 Min./98 °C/Linkslauf/Stufe 1 garen).|Oregano (im TM: je nach Schritt 10 Sek./Stufe 3 mischen oder 5–10 Min./98 °C/Linkslauf/Stufe 1 garen).|Salz (im TM: je nach Schritt 10 Sek./Stufe 3 mischen oder 5–10 Min./98 °C/Linkslauf/Stufe 1 garen).|Pfeffer anmachen. (im TM: je nach Schritt 10 Sek./Stufe 3 mischen oder 5–10 Min./98 °C/Linkslauf/Stufe 1 garen).","salat,mediterran"
Gabis mediterraner Nudelsalat,"Pasta-Salat mit getrockneten Tomaten, Oliven, Feta. TM-Hinweis: Dressing im Mixtopf rühren.",4 Personen,PT25M,400 g kurze Pasta|8 getrocknete Tomaten in Öl|150 g Feta|1 rote Paprika|Handvoll Oliven|Rucola (optional)|Dressing: 3 EL Olivenöl|1 EL Balsamico|1 TL Senf|Salz|Pfeffer,"Pasta kochen und abkühlen lassen. (im TM: 10–20 Min./98 °C/Linkslauf/Stufe 1 garen).|Gemüse schneiden (im TM: Zwiebel/Knoblauch 5 Sek./Stufe 5 zerkleinern, mit Spatel nach unten schieben).|Feta würfeln. (im TM: Zwiebel/Knoblauch 5 Sek./Stufe 5 zerkleinern, mit Spatel nach unten schieben).|Dressing rühren (im TM: je nach Schritt 10 Sek./Stufe 3 mischen oder 5–10 Min./98 °C/Linkslauf/Stufe 1 garen).|alles mischen (im TM: je nach Schritt 10 Sek./Stufe 3 mischen oder 5–10 Min./98 °C/Linkslauf/Stufe 1 garen).|ggf. Rucola unterheben. (im TM: je nach Schritt 10 Sek./Stufe 3 mischen oder 5–10 Min./98 °C/Linkslauf/Stufe 1 garen).","salat,mitbring"
Hot Dogs,"Schnelle Hot Dogs mit Würstchen, Brötchen, Gurken, Röstzwiebeln. TM-Hinweis: Relish/kleine Saucen im Mixtopf.",4 Personen,PT10M,8 Hot-Dog-Brötchen|8 Wiener/Hotdog-Würstchen|Senf|Ketchup|Mayonnaise|Gewürzgurken in Scheiben|Röstzwiebeln,"Würstchen heiß ziehen lassen. (im TM: je nach Schritt 10 Sek./Stufe 3 mischen oder 5–10 Min./98 °C/Linkslauf/Stufe 1 garen).|Brötchen aufschneiden (im TM: Zwiebel/Knoblauch 5 Sek./Stufe 5 zerkleinern, mit Spatel nach unten schieben).|Würstchen einlegen. (im TM: je nach Schritt 10 Sek./Stufe 3 mischen oder 5–10 Min./98 °C/Linkslauf/Stufe 1 garen).|Mit Gurken (im TM: je nach Schritt 10 Sek./Stufe 3 mischen oder 5–10 Min./98 °C/Linkslauf/Stufe 1 garen).|Röstzwiebeln und Saucen servieren. (im TM: Zwiebel/Knoblauch 5 Sek./Stufe 5 zerkleinern, mit Spatel nach unten schieben).","fingerfood,party"
Thai Rote Curry Suppe,"Würzige Suppe mit Kokosmilch, roter Currypaste, Gemüse und Hähnchen/Tofu. TM-Hinweis: Alles im Mixtopf 15–20 Min./100°C garen.",4 Personen,PT30M,1 Zwiebel|1 EL rote Currypaste|1 l Gemüse|oder Hühnerbrühe|400 ml Kokosmilch|300 g Hähnchenbrust oder Tofu|1 rote Paprika|1 Karotte|1 Zucchini|1 EL Öl|Salz|Pfeffer|Limettensaft,"Zwiebel in Öl anschwitzen (im TM: Zwiebel/Knoblauch 5 Sek./Stufe 5 zerkleinern, mit Spatel nach unten schieben; mit 1 EL Öl 3–5 Min./120 °C/Linkslauf/Stufe 1 dünsten (Messbecher entfernt)).|Currypaste kurz mitrösten. (im TM: mit 1 EL Öl 3–5 Min./120 °C/Linkslauf/Stufe 1 dünsten (Messbecher entfernt)).|Mit Brühe und Kokosmilch aufgießen. (im TM: je nach Schritt 10 Sek./Stufe 3 mischen oder 5–10 Min./98 °C/Linkslauf/Stufe 1 garen).|Hähnchen/Tofu und Gemüse in Stücke schneiden (im TM: Zwiebel/Knoblauch 5 Sek./Stufe 5 zerkleinern, mit Spatel nach unten schieben).|in der Suppe 10–12 Minuten garen. (im TM: 10–20 Min./98 °C/Linkslauf/Stufe 1 garen).|Mit Salz (im TM: je nach Schritt 10 Sek./Stufe 3 mischen oder 5–10 Min./98 °C/Linkslauf/Stufe 1 garen).|Pfeffer (im TM: je nach Schritt 10 Sek./Stufe 3 mischen oder 5–10 Min./98 °C/Linkslauf/Stufe 1 garen).|Limette abschmecken. (im TM: je nach Schritt 10 Sek./Stufe 3 mischen oder 5–10 Min./98 °C/Linkslauf/Stufe 1 garen).","suppe,asia"
Lahmacun,"Türkische Fladen mit würziger Hackbelag, frisch gerollt mit Salat. TM-Hinweis: Teig 2 Min./Knetstufe; Belag im Mixtopf zerkleinern.",4 Personen,PT1H20M,Teig: 500 g Mehl|300 ml Wasser|1 Päckchen Trockenhefe|1 TL Zucker|1 TL Salz|2 EL Öl|Belag: 400 g Hack (Rind/Lamm)|1 Zwiebel|1 rote Paprika|2 Tomaten|2 EL Tomatenmark|Petersilie|Salz|Pfeffer|Paprika,"Teig kneten und 45–60 Minuten gehen lassen. (im TM: 30 Sek./Stufe 4 mischen, dann 2 Min./Knetstufe).|Belag-Zutaten fein hacken/mixen und mit Hack mischen (im TM: Zwiebel/Knoblauch 5 Sek./Stufe 5 zerkleinern, mit Spatel nach unten schieben; 20–40 Sek./Stufe 6–8 pürieren (mit Messbecher)).|würzen. (im TM: je nach Schritt 10 Sek./Stufe 3 mischen oder 5–10 Min./98 °C/Linkslauf/Stufe 1 garen).|Teig dünn ausrollen (im TM: 30 Sek./Stufe 4 mischen, dann 2 Min./Knetstufe).|Belag dünn verstreichen. (im TM: je nach Schritt 10 Sek./Stufe 3 mischen oder 5–10 Min./98 °C/Linkslauf/Stufe 1 garen).|Bei 250°C 6–8 Minuten backen. Mit Salat/Rotkohl/Soße einrollen. (im TM: Hinweis: Backofen extern nutzen; TM für Saucen/Beilagen verwenden).","tuerkisch,streetfood"
Fisch mit Brokkoli aus dem Ofen,Einfaches Blechgericht: Fischfilets und Brokkoli mit Zitrone. TM-Hinweis: Beilage (Kartoffeln) im Varoma möglich.,4 Personen,PT25M,"4 Fischfilets (z. B. Kabeljau, Lachs)|1 großer Brokkoli|2 EL Olivenöl|1 Zitrone|Salz|Pfeffer|optional: kleine Kartoffeln als Beilage",Brokkoli in Röschen teilen (im TM: je nach Schritt 10 Sek./Stufe 3 mischen oder 5–10 Min./98 °C/Linkslauf/Stufe 1 garen).|auf Blech verteilen. (im TM: je nach Schritt 10 Sek./Stufe 3 mischen oder 5–10 Min./98 °C/Linkslauf/Stufe 1 garen).|Fischfilets auflegen (im TM: je nach Schritt 10 Sek./Stufe 3 mischen oder 5–10 Min./98 °C/Linkslauf/Stufe 1 garen).|mit Öl (im TM: je nach Schritt 10 Sek./Stufe 3 mischen oder 5–10 Min./98 °C/Linkslauf/Stufe 1 garen).|Salz (im TM: je nach Schritt 10 Sek./Stufe 3 mischen oder 5–10 Min./98 °C/Linkslauf/Stufe 1 garen).|Pfeffer und Zitronensaft würzen. (im TM: je nach Schritt 10 Sek./Stufe 3 mischen oder 5–10 Min./98 °C/Linkslauf/Stufe 1 garen).|Bei 200°C ca. 15–20 Minuten garen. (im TM: 10–20 Min./98 °C/Linkslauf/Stufe 1 garen).|Mit Zitronenspalten servieren. (im TM: je nach Schritt 10 Sek./Stufe 3 mischen oder 5–10 Min./98 °C/Linkslauf/Stufe 1 garen).,"leicht,ofen,fisch"
Salat mit Feta und Bacon,Körniger Salatmix mit knusprigem Speck und Feta. TM-Hinweis: Dressing 5 Sek./Stufe 4.,4 Personen,PT15M,200 g Blattsalat-Mix|150 g Bacon|150 g Feta|1 rote Zwiebel|Dressing: 3 EL Olivenöl|1 EL Balsamico|1 TL Senf|Salz|Pfeffer,"Bacon knusprig auslassen. (im TM: Für Röstaromen Pfanne/Backofen; alternativ TM6 Anbratfunktion nutzen (5 Min.)).|Salat waschen (im TM: je nach Schritt 10 Sek./Stufe 3 mischen oder 5–10 Min./98 °C/Linkslauf/Stufe 1 garen).|Zwiebel in feine Ringe (im TM: Zwiebel/Knoblauch 5 Sek./Stufe 5 zerkleinern, mit Spatel nach unten schieben; 20–40 Sek./Stufe 6–8 pürieren (mit Messbecher)).|Feta würfeln. (im TM: Zwiebel/Knoblauch 5 Sek./Stufe 5 zerkleinern, mit Spatel nach unten schieben).|Dressing rühren (im TM: je nach Schritt 10 Sek./Stufe 3 mischen oder 5–10 Min./98 °C/Linkslauf/Stufe 1 garen).|mit Salat (im TM: je nach Schritt 10 Sek./Stufe 3 mischen oder 5–10 Min./98 °C/Linkslauf/Stufe 1 garen).|Feta und Bacon mischen. (im TM: je nach Schritt 10 Sek./Stufe 3 mischen oder 5–10 Min./98 °C/Linkslauf/Stufe 1 garen).","salat,schnell"
Shepherd’s Pie,Britischer Auflauf mit Hack und Erbsen unter Kartoffelpüree. TM-Hinweis: Püree im Mixtopf; Hackpfanne separat.,4 Personen,PT1H0M,600 g Hack (Lamm/Rind)|1 Zwiebel|2 Möhren|150 g Erbsen (TK)|2 EL Tomatenmark|200 ml Brühe|2 EL Öl|Püree: 1 kg Kartoffeln|200 ml Milch|40 g Butter|Salz|Muskat|Salz|Pfeffer|Thymian,"Kartoffeln für Püree garen und stampfen (mit Milch/Butter). (im TM: 10–20 Min./98 °C/Linkslauf/Stufe 1 garen).|Hack mit Zwiebel und Möhren anbraten (im TM: Zwiebel/Knoblauch 5 Sek./Stufe 5 zerkleinern, mit Spatel nach unten schieben; mit 1 EL Öl 3–5 Min./120 °C/Linkslauf/Stufe 1 dünsten (Messbecher entfernt); Für Röstaromen Pfanne/Backofen; alternativ TM6 Anbratfunktion nutzen (5 Min.)).|Tomatenmark rösten (im TM: mit 1 EL Öl 3–5 Min./120 °C/Linkslauf/Stufe 1 dünsten (Messbecher entfernt)).|mit Brühe ablöschen (im TM: je nach Schritt 10 Sek./Stufe 3 mischen oder 5–10 Min./98 °C/Linkslauf/Stufe 1 garen).|Erbsen zugeben. (im TM: je nach Schritt 10 Sek./Stufe 3 mischen oder 5–10 Min./98 °C/Linkslauf/Stufe 1 garen).|Masse in Auflaufform geben (im TM: je nach Schritt 10 Sek./Stufe 3 mischen oder 5–10 Min./98 °C/Linkslauf/Stufe 1 garen).|Püree daraufstreichen. (im TM: je nach Schritt 10 Sek./Stufe 3 mischen oder 5–10 Min./98 °C/Linkslauf/Stufe 1 garen).|Bei 200°C ca. 25 Minuten backen. (im TM: Hinweis: Backofen extern nutzen; TM für Saucen/Beilagen verwenden).","auflauf,britisch"
Feta-Nudeln,"Ofengericht: Feta mit Tomaten backen, mit Pasta vermengen. TM-Hinweis: Pasta kochen; Sauce im Ofen.",4 Personen,PT30M,400 g Pasta|200 g Feta|400 g Cherrytomaten|2 Knoblauchzehen|2 EL Olivenöl|Basilikum|Salz|Pfeffer|Chili,"Feta und Tomaten mit Knoblauch und Öl in eine Form geben (im TM: Zwiebel/Knoblauch 5 Sek./Stufe 5 zerkleinern, mit Spatel nach unten schieben).|bei 200°C 20 Minuten backen. (im TM: Hinweis: Backofen extern nutzen; TM für Saucen/Beilagen verwenden).|Pasta kochen (im TM: 10–20 Min./98 °C/Linkslauf/Stufe 1 garen).|mit der gebackenen Feta-Tomaten-Sauce mischen. (im TM: Hinweis: Backofen extern nutzen; TM für Saucen/Beilagen verwenden).|Mit Basilikum (im TM: je nach Schritt 10 Sek./Stufe 3 mischen oder 5–10 Min./98 °C/Linkslauf/Stufe 1 garen).|Salz (im TM: je nach Schritt 10 Sek./Stufe 3 mischen oder 5–10 Min./98 °C/Linkslauf/Stufe 1 garen).|Pfeffer abschmecken. (im TM: je nach Schritt 10 Sek./Stufe 3 mischen oder 5–10 Min./98 °C/Linkslauf/Stufe 1 garen).","viral,pasta,vegetarisch"
Bibimbap,"Koreanische Reis-Schüssel mit Gemüse, Ei und optional Rind. TM-Hinweis: Reis im Garkorb; Gochujang-Sauce 5 Sek./Stufe 5.",4 Personen,PT40M,300 g Reis|300 g Rindfleisch in Streifen (optional)|1 Möhre|1 Zucchini|200 g Spinat|200 g Pilze|4 Eier|2 EL Sojasoße|1 EL Sesamöl|1 EL Gochujang (Chilipaste)|1 TL Zucker|Sesam,"Reis garen. (im TM: 10–20 Min./98 °C/Linkslauf/Stufe 1 garen).|Gemüse in Streifen schneiden und getrennt kurz braten (Spinat nur zusammenfallen lassen). (im TM: Zwiebel/Knoblauch 5 Sek./Stufe 5 zerkleinern, mit Spatel nach unten schieben; Für Röstaromen Pfanne/Backofen; alternativ TM6 Anbratfunktion nutzen (5 Min.)).|Fleisch scharf anbraten (optional). (im TM: mit 1 EL Öl 3–5 Min./120 °C/Linkslauf/Stufe 1 dünsten (Messbecher entfernt); Für Röstaromen Pfanne/Backofen; alternativ TM6 Anbratfunktion nutzen (5 Min.)).|Sauce aus Sojasoße (im TM: je nach Schritt 10 Sek./Stufe 3 mischen oder 5–10 Min./98 °C/Linkslauf/Stufe 1 garen).|Sesamöl (im TM: je nach Schritt 10 Sek./Stufe 3 mischen oder 5–10 Min./98 °C/Linkslauf/Stufe 1 garen).|Gochujang (im TM: je nach Schritt 10 Sek./Stufe 3 mischen oder 5–10 Min./98 °C/Linkslauf/Stufe 1 garen).|Zucker rühren. (im TM: je nach Schritt 10 Sek./Stufe 3 mischen oder 5–10 Min./98 °C/Linkslauf/Stufe 1 garen).|Alles auf Reis anrichten (im TM: je nach Schritt 10 Sek./Stufe 3 mischen oder 5–10 Min./98 °C/Linkslauf/Stufe 1 garen).|Spiegelei obenauf (im TM: je nach Schritt 10 Sek./Stufe 3 mischen oder 5–10 Min./98 °C/Linkslauf/Stufe 1 garen).|mit Sauce und Sesam servieren. (im TM: je nach Schritt 10 Sek./Stufe 3 mischen oder 5–10 Min./98 °C/Linkslauf/Stufe 1 garen).","koreanisch,bowl"
Kichererbsen-Curry,Veganes Curry mit Kichererbsen und Tomate-Kokos. TM-Hinweis: Alles im Mixtopf 15–20 Min./100°C garen.,4 Personen,PT30M,2 Dosen Kichererbsen (abgetropft)|1 Zwiebel|2 Knoblauchzehen|2 cm Ingwer|1 Dose Tomaten (400 g)|400 ml Kokosmilch|2 EL Currypulver oder Garam Masala|1 EL Öl|Salz|Pfeffer|Koriander,"Zwiebel (im TM: Zwiebel/Knoblauch 5 Sek./Stufe 5 zerkleinern, mit Spatel nach unten schieben).|Knoblauch (im TM: Zwiebel/Knoblauch 5 Sek./Stufe 5 zerkleinern, mit Spatel nach unten schieben).|Ingwer anschwitzen. (im TM: mit 1 EL Öl 3–5 Min./120 °C/Linkslauf/Stufe 1 dünsten (Messbecher entfernt)).|Currypulver kurz mitrösten (im TM: mit 1 EL Öl 3–5 Min./120 °C/Linkslauf/Stufe 1 dünsten (Messbecher entfernt)).|Tomaten und Kokosmilch zugeben. (im TM: je nach Schritt 10 Sek./Stufe 3 mischen oder 5–10 Min./98 °C/Linkslauf/Stufe 1 garen).|Kichererbsen einrühren (im TM: je nach Schritt 10 Sek./Stufe 3 mischen oder 5–10 Min./98 °C/Linkslauf/Stufe 1 garen).|10–15 Minuten köcheln (im TM: 10–20 Min./98 °C/Linkslauf/Stufe 1 garen).|abschmecken. (im TM: je nach Schritt 10 Sek./Stufe 3 mischen oder 5–10 Min./98 °C/Linkslauf/Stufe 1 garen).|Mit Koriander servieren (im TM: je nach Schritt 10 Sek./Stufe 3 mischen oder 5–10 Min./98 °C/Linkslauf/Stufe 1 garen).|dazu Reis. (im TM: je nach Schritt 10 Sek./Stufe 3 mischen oder 5–10 Min./98 °C/Linkslauf/Stufe 1 garen).","vegan,curry"
